"country","year","province","municipality","municipality_normalized","waste_generation_tpd","managed_waste_pct","unmanaged_waste_pct","leaked_to_environment_pct","rdf_status","wte_psel","composition_match","food_waste_share_pct","paper_cardboard_share_pct","plastic_share_pct","paper_plastic_share_pct","combustible_dry_share_pct","reported_component_sum_pct","municipality_feedstock_risk_score_0_100","municipality_feedstock_risk_level","risk_formula_note"
"Indonesia","2025","Aceh","Kabupaten Simeulue","kabupaten simeulue","38.85","0.13","0.87","0.39","","Tidak Ada","matched","24.8","10.1","25.7","35.8","60.5","100","46.6","Medium","0.40 food share + 0.25 dry combustible deficit + 0.25 unmanaged waste + 0.10 leaked-to-environment; draft screening index"
"Indonesia","2025","Aceh","Kabupaten Aceh Singkil","kabupaten aceh singkil","54.9","0.04","0.96","0.83","","Tidak Ada","matched","30","15","22","37","55","100","56.65","Medium","0.40 food share + 0.25 dry combustible deficit + 0.25 unmanaged waste + 0.10 leaked-to-environment; draft screening index"
"Indonesia","2025","Aceh","Kabupaten Aceh Selatan","kabupaten aceh selatan","96.8","0.01","0.99","0.63","","Tidak Ada","matched","30.08","13.1","16.33","29.43","50.57","100","62.05","Medium","0.40 food share + 0.25 dry combustible deficit + 0.25 unmanaged waste + 0.10 leaked-to-environment; draft screening index"
"Indonesia","2025","Aceh","Kabupaten Aceh Tenggara","kabupaten aceh tenggara","115.64","0.28","0.72","0.59","","Tidak Ada","matched","41","9","30","39","54","100","56.5","Medium","0.40 food share + 0.25 dry combustible deficit + 0.25 unmanaged waste + 0.10 leaked-to-environment; draft screening index"
"Indonesia","2025","Aceh","Kabupaten Aceh Timur","kabupaten aceh timur","184.56","0","1","0.58","","Tidak Ada","matched","25","9","15","24","61","100","61.5","Medium","0.40 food share + 0.25 dry combustible deficit + 0.25 unmanaged waste + 0.10 leaked-to-environment; draft screening index"
"Indonesia","2025","Aceh","Kabupaten Aceh Tengah","kabupaten aceh tengah","120.5","0.09","0.91","0.33","","Tidak Ada","matched","22","7","26","33","67","100","46.85","Medium","0.40 food share + 0.25 dry combustible deficit + 0.25 unmanaged waste + 0.10 leaked-to-environment; draft screening index"
"Indonesia","2025","Aceh","Kabupaten Aceh Barat","kabupaten aceh barat","104.61","0.63","0.37","0.37","","Tidak Ada","matched","46.05","8.25","18.94","27.19","48.96","100","59.7","Medium","0.40 food share + 0.25 dry combustible deficit + 0.25 unmanaged waste + 0.10 leaked-to-environment; draft screening index"
"Indonesia","2025","Aceh","Kabupaten Aceh Besar","kabupaten aceh besar","149.14","0.02","0.98","0.92","Telah MoU","Tidak Ada","matched","25.5","9.5","21.6","31.1","63.2","100","58.8","Medium","0.40 food share + 0.25 dry combustible deficit + 0.25 unmanaged waste + 0.10 leaked-to-environment; draft screening index"
"Indonesia","2025","Aceh","Kabupaten Pidie","kabupaten pidie","181.02","0.12","0.88","0.71","","Tidak Ada","matched","7","22","43","65","76","100","29.1","Low","0.40 food share + 0.25 dry combustible deficit + 0.25 unmanaged waste + 0.10 leaked-to-environment; draft screening index"
"Indonesia","2025","Aceh","Kabupaten Bireuen","kabupaten bireuen","181.3","0.33","0.67","0.17","","Tidak Ada","matched","42.7","14.2","18.9","33.1","47.3","100","57.65","Medium","0.40 food share + 0.25 dry combustible deficit + 0.25 unmanaged waste + 0.10 leaked-to-environment; draft screening index"
"Indonesia","2025","Aceh","Kabupaten Aceh Utara","kabupaten aceh utara","253.45","0.05","0.95","0.76","","Tidak Ada","matched","30","10","40","50","63","100","48.95","Medium","0.40 food share + 0.25 dry combustible deficit + 0.25 unmanaged waste + 0.10 leaked-to-environment; draft screening index"
"Indonesia","2025","Aceh","Kabupaten Aceh Barat Daya","kabupaten aceh barat daya","77.5","0.14","0.86","0.64","","Tidak Ada","matched","15","25","25","50","67","100","32.3","Low","0.40 food share + 0.25 dry combustible deficit + 0.25 unmanaged waste + 0.10 leaked-to-environment; draft screening index"
"Indonesia","2025","Aceh","Kabupaten Gayo Lues","kabupaten gayo lues","41.94","0","1","0.77","","Tidak Ada","matched","24","10","40","50","70","100","45.1","Medium","0.40 food share + 0.25 dry combustible deficit + 0.25 unmanaged waste + 0.10 leaked-to-environment; draft screening index"
"Indonesia","2025","Aceh","Kabupaten Aceh Tamiang","kabupaten aceh tamiang","123.64","0.28","0.72","0.56","","Tidak Ada","matched","36.48","17","40","57","57.49","100","47.2","Medium","0.40 food share + 0.25 dry combustible deficit + 0.25 unmanaged waste + 0.10 leaked-to-environment; draft screening index"
"Indonesia","2025","Aceh","Kabupaten Nagan Raya","kabupaten nagan raya","72.44","0.73","0.27","0.27","","Tidak Ada","matched","46","2","34","36","48","100","48.95","Medium","0.40 food share + 0.25 dry combustible deficit + 0.25 unmanaged waste + 0.10 leaked-to-environment; draft screening index"
"Indonesia","2025","Aceh","Kabupaten Aceh Jaya","kabupaten aceh jaya","50.91","0.02","0.98","0.36","","Tidak Ada","matched","48","10","14","24","41","100","79.2","High","0.40 food share + 0.25 dry combustible deficit + 0.25 unmanaged waste + 0.10 leaked-to-environment; draft screening index"
"Indonesia","2025","Aceh","Kabupaten Bener Meriah","kabupaten bener meriah","68.81","0.14","0.86","0.04","","Tidak Ada","matched","20","20","25","45","70","100","30.7","Low","0.40 food share + 0.25 dry combustible deficit + 0.25 unmanaged waste + 0.10 leaked-to-environment; draft screening index"
"Indonesia","2025","Aceh","Kabupaten Pidie Jaya","kabupaten pidie jaya","66.03","0.02","0.98","0.82","","Tidak Ada","unmatched","","","","","","","93.43","High","0.40 food share + 0.25 dry combustible deficit + 0.25 unmanaged waste + 0.10 leaked-to-environment; draft screening index"
"Indonesia","2025","Aceh","Kota Banda Aceh","kota banda aceh","259.4","0.03","0.97","0.04","Telah MoU","Tidak Ada","matched","29.48","6.34","25.75","32.09","57.74","100","52.6","Medium","0.40 food share + 0.25 dry combustible deficit + 0.25 unmanaged waste + 0.10 leaked-to-environment; draft screening index"
"Indonesia","2025","Aceh","Kota Sabang","kota sabang","17.62","0.97","0.03","0.03","Penjajakan","Tidak Ada","matched","20","5","20","25","45","100","26.6","Low","0.40 food share + 0.25 dry combustible deficit + 0.25 unmanaged waste + 0.10 leaked-to-environment; draft screening index"
"Indonesia","2025","Aceh","Kota Langsa","kota langsa","91.96","0.64","0.36","0.36","","Tidak Ada","matched","36.07","10.28","18.16","28.44","44.33","91.92","49.55","Medium","0.40 food share + 0.25 dry combustible deficit + 0.25 unmanaged waste + 0.10 leaked-to-environment; draft screening index"
"Indonesia","2025","Aceh","Kota Lhokseumawe","kota lhokseumawe","102.03","0.12","0.88","0.88","Penjajakan","Tidak Ada","matched","54.4","15.04","14.02","29.06","31.04","100","83.65","High","0.40 food share + 0.25 dry combustible deficit + 0.25 unmanaged waste + 0.10 leaked-to-environment; draft screening index"
"Indonesia","2025","Aceh","Kota Subulussalam","kota subulussalam","52.78","0.04","0.96","0.78","","Tidak Ada","matched","25","15","20","35","60","100","53.25","Medium","0.40 food share + 0.25 dry combustible deficit + 0.25 unmanaged waste + 0.10 leaked-to-environment; draft screening index"
"Indonesia","2025","Bali","Kabupaten Jembrana","kabupaten jembrana","163.93","0.35","0.65","0.29","Telah MoU","Tidak Ada","matched","27.37","0.84","19.04","19.88","70.98","100","55.75","Medium","0.40 food share + 0.25 dry combustible deficit + 0.25 unmanaged waste + 0.10 leaked-to-environment; draft screening index"
"Indonesia","2025","Bali","Kabupaten Tabanan","kabupaten tabanan","239.2","0.09","0.91","0.28","","Tidak Ada","unmatched","","","","","","","73","High","0.40 food share + 0.25 dry combustible deficit + 0.25 unmanaged waste + 0.10 leaked-to-environment; draft screening index"
"Indonesia","2025","Bali","Kabupaten Badung","kabupaten badung","876.05","0.17","0.83","0.31","","Dalam Perencanaan","matched","17.12","6.82","16.28","23.1","46.63","100","48.5","Medium","0.40 food share + 0.25 dry combustible deficit + 0.25 unmanaged waste + 0.10 leaked-to-environment; draft screening index"
"Indonesia","2025","Bali","Kabupaten Gianyar","kabupaten gianyar","562","0.31","0.69","0.24","Telah MoU","Tidak Ada","matched","16.97","8.25","18.93","27.18","78.03","100","40.4","Low","0.40 food share + 0.25 dry combustible deficit + 0.25 unmanaged waste + 0.10 leaked-to-environment; draft screening index"
"Indonesia","2025","Bali","Kabupaten Klungkung","kabupaten klungkung","112.23","0.58","0.42","0.06","","Tidak Ada","matched","30.05","10.05","12.03","22.08","62.55","100","48.1","Medium","0.40 food share + 0.25 dry combustible deficit + 0.25 unmanaged waste + 0.10 leaked-to-environment; draft screening index"
"Indonesia","2025","Bali","Kabupaten Bangli","kabupaten bangli","113.86","0.27","0.73","0.07","","Tidak Ada","matched","27.7","5.3","10.3","15.6","65.1","100","59.05","Medium","0.40 food share + 0.25 dry combustible deficit + 0.25 unmanaged waste + 0.10 leaked-to-environment; draft screening index"
"Indonesia","2025","Bali","Kabupaten Karangasem","kabupaten karangasem","281.22","0.23","0.77","0.63","","Tidak Ada","matched","10","11","20","31","81.06","100","37.3","Low","0.40 food share + 0.25 dry combustible deficit + 0.25 unmanaged waste + 0.10 leaked-to-environment; draft screening index"
"Indonesia","2025","Bali","Kabupaten Buleleng","kabupaten buleleng","414.08","0.13","0.87","0.5","","Tidak Ada","matched","4","6.69","14.69","21.38","92.1","100","46.5","Medium","0.40 food share + 0.25 dry combustible deficit + 0.25 unmanaged waste + 0.10 leaked-to-environment; draft screening index"
"Indonesia","2025","Bali","Kota Denpasar","kota denpasar","1033.08","0.11","0.89","0.14","PKS - Operasional","Dalam Perencanaan","unmatched","","","","","","","67.57","Medium","0.40 food share + 0.25 dry combustible deficit + 0.25 unmanaged waste + 0.10 leaked-to-environment; draft screening index"
"Indonesia","2025","Banten","Kabupaten Pandeglang","kabupaten pandeglang","565.56","0.03","0.97","0.95","","Tidak Ada","unmatched","","","","","","","96.43","High","0.40 food share + 0.25 dry combustible deficit + 0.25 unmanaged waste + 0.10 leaked-to-environment; draft screening index"
"Indonesia","2025","Banten","Kabupaten Lebak","kabupaten lebak","612.63","0.23","0.77","0.69","Penjajakan","Tidak Ada","matched","30","10","15","25","47","100","60.5","Medium","0.40 food share + 0.25 dry combustible deficit + 0.25 unmanaged waste + 0.10 leaked-to-environment; draft screening index"
"Indonesia","2025","Banten","Kabupaten Tangerang","kabupaten tangerang","2663.01","0.04","0.96","0.45","Telah PKS","Dalam Perencanaan","unmatched","","","","","","","81.43","High","0.40 food share + 0.25 dry combustible deficit + 0.25 unmanaged waste + 0.10 leaked-to-environment; draft screening index"
"Indonesia","2025","Banten","Kabupaten Serang","kabupaten serang","1191.26","0.01","0.99","0.99","","Dalam Perencanaan","unmatched","","","","","","","99","High","0.40 food share + 0.25 dry combustible deficit + 0.25 unmanaged waste + 0.10 leaked-to-environment; draft screening index"
"Indonesia","2025","Banten","Kota Tangerang","kota tangerang","1370.14","0.11","0.89","0.59","","Dalam Perencanaan","unmatched","","","","","","","80.43","High","0.40 food share + 0.25 dry combustible deficit + 0.25 unmanaged waste + 0.10 leaked-to-environment; draft screening index"
"Indonesia","2025","Banten","Kota Cilegon","kota cilegon","336.26","0.09","0.91","0.25","","Dalam Perencanaan","unmatched","","","","","","","72.14","High","0.40 food share + 0.25 dry combustible deficit + 0.25 unmanaged waste + 0.10 leaked-to-environment; draft screening index"
"Indonesia","2025","Banten","Kota Serang","kota serang","520.62","0.8","0.2","0.2","Penjajakan","Dalam Perencanaan","unmatched","","","","","","","20","Low","0.40 food share + 0.25 dry combustible deficit + 0.25 unmanaged waste + 0.10 leaked-to-environment; draft screening index"
"Indonesia","2025","Banten","Kota Tangerang Selatan","kota tangerang selatan","1029.26","0.58","0.42","0","Penjajakan","Dalam Perencanaan","unmatched","","","","","","","30","Low","0.40 food share + 0.25 dry combustible deficit + 0.25 unmanaged waste + 0.10 leaked-to-environment; draft screening index"
"Indonesia","2025","Bengkulu","Kabupaten Bengkulu Selatan","kabupaten bengkulu selatan","86.66","0","1","0.88","","Tidak Ada","unmatched","","","","","","","96.57","High","0.40 food share + 0.25 dry combustible deficit + 0.25 unmanaged waste + 0.10 leaked-to-environment; draft screening index"
"Indonesia","2025","Bengkulu","Kabupaten Rejang Lebong","kabupaten rejang lebong","144.42","0","1","0.67","","Tidak Ada","unmatched","","","","","","","90.57","High","0.40 food share + 0.25 dry combustible deficit + 0.25 unmanaged waste + 0.10 leaked-to-environment; draft screening index"
"Indonesia","2025","Bengkulu","Kabupaten Bengkulu Utara","kabupaten bengkulu utara","185.86","0.8","0.2","0.2","","Tidak Ada","matched","31","10","40","50","62","100","25.8","Low","0.40 food share + 0.25 dry combustible deficit + 0.25 unmanaged waste + 0.10 leaked-to-environment; draft screening index"
"Indonesia","2025","Bengkulu","Kabupaten Kaur","kabupaten kaur","53.25","0.04","0.96","0.81","","Tidak Ada","unmatched","","","","","","","91.71","High","0.40 food share + 0.25 dry combustible deficit + 0.25 unmanaged waste + 0.10 leaked-to-environment; draft screening index"
"Indonesia","2025","Bengkulu","Kabupaten Seluma","kabupaten seluma","107.5","0","1","0.98","","Tidak Ada","matched","80","5","2","7","16.5","100","99.8","High","0.40 food share + 0.25 dry combustible deficit + 0.25 unmanaged waste + 0.10 leaked-to-environment; draft screening index"
"Indonesia","2025","Bengkulu","Kabupaten Mukomuko","kabupaten mukomuko","100.85","0","1","0.86","","Tidak Ada","unmatched","","","","","","","96","High","0.40 food share + 0.25 dry combustible deficit + 0.25 unmanaged waste + 0.10 leaked-to-environment; draft screening index"
"Indonesia","2025","Bengkulu","Kabupaten Lebong","kabupaten lebong","45.91","0","1","0.74","","Tidak Ada","matched","64.45","8.56","12.84","21.4","32.48","99.96","92.15","High","0.40 food share + 0.25 dry combustible deficit + 0.25 unmanaged waste + 0.10 leaked-to-environment; draft screening index"
"Indonesia","2025","Bengkulu","Kabupaten Kepahiang","kabupaten kepahiang","62.21","0.01","0.99","0.67","","Tidak Ada","unmatched","","","","","","","89.86","High","0.40 food share + 0.25 dry combustible deficit + 0.25 unmanaged waste + 0.10 leaked-to-environment; draft screening index"
"Indonesia","2025","Bengkulu","Kabupaten Bengkulu Tengah","kabupaten bengkulu tengah","61.34","0.02","0.98","0.76","","Tidak Ada","matched","","","","0","0","0","95.17","High","0.40 food share + 0.25 dry combustible deficit + 0.25 unmanaged waste + 0.10 leaked-to-environment; draft screening index"
"Indonesia","2025","Bengkulu","Kota Bengkulu","kota bengkulu","158.93","0.01","0.99","0","","Tidak Ada","unmatched","","","","","","","70.71","High","0.40 food share + 0.25 dry combustible deficit + 0.25 unmanaged waste + 0.10 leaked-to-environment; draft screening index"
"Indonesia","2025","DI Yogyakarta","Kabupaten Kulon Progo","kabupaten kulon progo","217.29","0.49","0.51","0.51","","Tidak Ada","unmatched","","","","","","","51","Medium","0.40 food share + 0.25 dry combustible deficit + 0.25 unmanaged waste + 0.10 leaked-to-environment; draft screening index"
"Indonesia","2025","DI Yogyakarta","Kabupaten Bantul","kabupaten bantul","421.52","0.44","0.56","0.56","PKS - Operasional","Dalam Perencanaan","unmatched","","","","","","","56","Medium","0.40 food share + 0.25 dry combustible deficit + 0.25 unmanaged waste + 0.10 leaked-to-environment; draft screening index"
"Indonesia","2025","DI Yogyakarta","Kabupaten Gunung Kidul","kabupaten gunung kidul","368.57","0.38","0.62","0.62","Telah MoU","Tidak Ada","unmatched","","","","","","","62","Medium","0.40 food share + 0.25 dry combustible deficit + 0.25 unmanaged waste + 0.10 leaked-to-environment; draft screening index"
"Indonesia","2025","DI Yogyakarta","Kabupaten Sleman","kabupaten sleman","585.3","0.22","0.78","0.78","PKS - Operasional","Dalam Perencanaan","unmatched","","","","","","","78","High","0.40 food share + 0.25 dry combustible deficit + 0.25 unmanaged waste + 0.10 leaked-to-environment; draft screening index"
"Indonesia","2025","DI Yogyakarta","Kota Yogyakarta","kota yogyakarta","332.48","0.57","0.43","0.26","PKS - Operasional","Dalam Perencanaan","unmatched","","","","","","","38.14","Low","0.40 food share + 0.25 dry combustible deficit + 0.25 unmanaged waste + 0.10 leaked-to-environment; draft screening index"
"Indonesia","2025","DKI Jakarta","Kabupaten Kepulauan Seribu","kabupaten kepulauan seribu","29.76","0.33","0.67","0.02","","Dalam Perencanaan","unmatched","","","","","","","48.43","Medium","0.40 food share + 0.25 dry combustible deficit + 0.25 unmanaged waste + 0.10 leaked-to-environment; draft screening index"
"Indonesia","2025","DKI Jakarta","Kota Jakarta Selatan","kota jakarta selatan","2005.37","0.2","0.8","0","","Dalam Perencanaan","matched","49.87","17.24","22.95","40.19","44.97","100","59.6","Medium","0.40 food share + 0.25 dry combustible deficit + 0.25 unmanaged waste + 0.10 leaked-to-environment; draft screening index"
"Indonesia","2025","DKI Jakarta","Kota Jakarta Timur","kota jakarta timur","2455.12","0.16","0.84","0.1","","Dalam Perencanaan","matched","49.87","17.24","22.95","40.19","44.97","100","61.6","Medium","0.40 food share + 0.25 dry combustible deficit + 0.25 unmanaged waste + 0.10 leaked-to-environment; draft screening index"
"Indonesia","2025","DKI Jakarta","Kota Jakarta Pusat","kota jakarta pusat","858.09","0.18","0.82","0.01","","Dalam Perencanaan","matched","49.87","17.24","22.95","40.19","44.97","100","60.2","Medium","0.40 food share + 0.25 dry combustible deficit + 0.25 unmanaged waste + 0.10 leaked-to-environment; draft screening index"
"Indonesia","2025","DKI Jakarta","Kota Jakarta Barat","kota jakarta barat","1943.13","0.26","0.74","0","","Dalam Perencanaan","matched","49.87","17.24","22.95","40.19","44.97","100","58.1","Medium","0.40 food share + 0.25 dry combustible deficit + 0.25 unmanaged waste + 0.10 leaked-to-environment; draft screening index"
"Indonesia","2025","DKI Jakarta","Kota Jakarta Utara","kota jakarta utara","1410.64","0.21","0.79","0","","Dalam Perencanaan","matched","","","","0","0","0","74.58","High","0.40 food share + 0.25 dry combustible deficit + 0.25 unmanaged waste + 0.10 leaked-to-environment; draft screening index"
"Indonesia","2025","Gorontalo","Kabupaten Boalemo","kabupaten boalemo","76.05","0","1","0.79","","Tidak Ada","unmatched","","","","","","","94","High","0.40 food share + 0.25 dry combustible deficit + 0.25 unmanaged waste + 0.10 leaked-to-environment; draft screening index"
"Indonesia","2025","Gorontalo","Kabupaten Gorontalo","kabupaten gorontalo","168.68","0.21","0.79","0.79","","Tidak Ada","unmatched","","","","","","","79","High","0.40 food share + 0.25 dry combustible deficit + 0.25 unmanaged waste + 0.10 leaked-to-environment; draft screening index"
"Indonesia","2025","Gorontalo","Kabupaten Pohuwato","kabupaten pohuwato","64.07","0.46","0.54","0.54","","Tidak Ada","unmatched","","","","","","","54","Medium","0.40 food share + 0.25 dry combustible deficit + 0.25 unmanaged waste + 0.10 leaked-to-environment; draft screening index"
"Indonesia","2025","Gorontalo","Kabupaten Bone Bolango","kabupaten bone bolango","56.86","0.49","0.51","0.51","","Tidak Ada","matched","29.22","14.31","21.22","35.53","67.03","100","43.05","Low","0.40 food share + 0.25 dry combustible deficit + 0.25 unmanaged waste + 0.10 leaked-to-environment; draft screening index"
"Indonesia","2025","Gorontalo","Kabupaten Gorontalo Utara","kabupaten gorontalo utara","67.43","0","1","0.78","","Tidak Ada","unmatched","","","","","","","93.71","High","0.40 food share + 0.25 dry combustible deficit + 0.25 unmanaged waste + 0.10 leaked-to-environment; draft screening index"
"Indonesia","2025","Gorontalo","Kota Gorontalo","kota gorontalo","143.05","0.66","0.34","0.34","","Tidak Ada","matched","","","","0","0","0","61.5","Medium","0.40 food share + 0.25 dry combustible deficit + 0.25 unmanaged waste + 0.10 leaked-to-environment; draft screening index"
"Indonesia","2025","Jambi","Kabupaten Kerinci","kabupaten kerinci","127.87","0.39","0.61","0.61","","Tidak Ada","unmatched","","","","","","","61","Medium","0.40 food share + 0.25 dry combustible deficit + 0.25 unmanaged waste + 0.10 leaked-to-environment; draft screening index"
"Indonesia","2025","Jambi","Kabupaten Merangin","kabupaten merangin","186.7","0","1","1","","Tidak Ada","unmatched","","","","","","","100","High","0.40 food share + 0.25 dry combustible deficit + 0.25 unmanaged waste + 0.10 leaked-to-environment; draft screening index"
"Indonesia","2025","Jambi","Kabupaten Sarolangun","kabupaten sarolangun","122.6","0.01","0.99","0.68","","Tidak Ada","unmatched","","","","","","","90.14","High","0.40 food share + 0.25 dry combustible deficit + 0.25 unmanaged waste + 0.10 leaked-to-environment; draft screening index"
"Indonesia","2025","Jambi","Kabupaten Batang Hari","kabupaten batang hari","126.64","0","1","1","","Tidak Ada","unmatched","","","","","","","100","High","0.40 food share + 0.25 dry combustible deficit + 0.25 unmanaged waste + 0.10 leaked-to-environment; draft screening index"
"Indonesia","2025","Jambi","Kabupaten Muaro Jambi","kabupaten muaro jambi","213.59","0.12","0.88","0.6","","Tidak Ada","unmatched","","","","","","","80","High","0.40 food share + 0.25 dry combustible deficit + 0.25 unmanaged waste + 0.10 leaked-to-environment; draft screening index"
"Indonesia","2025","Jambi","Kabupaten Tanjung Jabung Timur","kabupaten tanjung jabung timur","118.36","0","1","0.63","","Tidak Ada","unmatched","","","","","","","89.43","High","0.40 food share + 0.25 dry combustible deficit + 0.25 unmanaged waste + 0.10 leaked-to-environment; draft screening index"
"Indonesia","2025","Jambi","Kabupaten Tanjung Jabung Barat","kabupaten tanjung jabung barat","167.16","0","1","0.74","","Tidak Ada","unmatched","","","","","","","92.57","High","0.40 food share + 0.25 dry combustible deficit + 0.25 unmanaged waste + 0.10 leaked-to-environment; draft screening index"
"Indonesia","2025","Jambi","Kabupaten Tebo","kabupaten tebo","142.61","0.33","0.67","0.67","","Tidak Ada","unmatched","","","","","","","67","Medium","0.40 food share + 0.25 dry combustible deficit + 0.25 unmanaged waste + 0.10 leaked-to-environment; draft screening index"
"Indonesia","2025","Jambi","Kabupaten Bungo","kabupaten bungo","190.01","0.26","0.74","0.74","","Tidak Ada","unmatched","","","","","","","74","High","0.40 food share + 0.25 dry combustible deficit + 0.25 unmanaged waste + 0.10 leaked-to-environment; draft screening index"
"Indonesia","2025","Jambi","Kota Jambi","kota jambi","446.77","0.94","0.06","0.06","","Tidak Ada","unmatched","","","","","","","6","Low","0.40 food share + 0.25 dry combustible deficit + 0.25 unmanaged waste + 0.10 leaked-to-environment; draft screening index"
"Indonesia","2025","Jambi","Kota Sungai Penuh","kota sungai penuh","51.11","0.24","0.76","0.06","","Tidak Ada","matched","41.6","18.19","17.3","35.49","48.53","100","55.6","Medium","0.40 food share + 0.25 dry combustible deficit + 0.25 unmanaged waste + 0.10 leaked-to-environment; draft screening index"
"Indonesia","2025","Jawa Barat","Kabupaten Bogor","kabupaten bogor","2784.33","0.22","0.78","0.49","Telah PKS","Dalam Perencanaan","matched","","","","0","0","0","82.33","High","0.40 food share + 0.25 dry combustible deficit + 0.25 unmanaged waste + 0.10 leaked-to-environment; draft screening index"
"Indonesia","2025","Jawa Barat","Kabupaten Sukabumi","kabupaten sukabumi","1128","0.24","0.76","0.54","PKS - Operasional","Tidak Ada","unmatched","","","","","","","69.71","Medium","0.40 food share + 0.25 dry combustible deficit + 0.25 unmanaged waste + 0.10 leaked-to-environment; draft screening index"
"Indonesia","2025","Jawa Barat","Kabupaten Cianjur","kabupaten cianjur","1305.16","0.03","0.97","0.68","Penjajakan","Tidak Ada","matched","61.05","6.94","14.39","21.33","24.97","100","90.8","High","0.40 food share + 0.25 dry combustible deficit + 0.25 unmanaged waste + 0.10 leaked-to-environment; draft screening index"
"Indonesia","2025","Jawa Barat","Kabupaten Bandung","kabupaten bandung","1762.11","0.08","0.92","0.77","","Dalam Perencanaan","unmatched","","","","","","","87.71","High","0.40 food share + 0.25 dry combustible deficit + 0.25 unmanaged waste + 0.10 leaked-to-environment; draft screening index"
"Indonesia","2025","Jawa Barat","Kabupaten Garut","kabupaten garut","1141.12","0.14","0.86","0.66","","Dalam Perencanaan","matched","59.3","6.3","20.5","26.8","29.4","100","83.35","High","0.40 food share + 0.25 dry combustible deficit + 0.25 unmanaged waste + 0.10 leaked-to-environment; draft screening index"
"Indonesia","2025","Jawa Barat","Kabupaten Tasikmalaya","kabupaten tasikmalaya","798.42","0.01","0.99","0.93","Telah MoU","Tidak Ada","unmatched","","","","","","","97.29","High","0.40 food share + 0.25 dry combustible deficit + 0.25 unmanaged waste + 0.10 leaked-to-environment; draft screening index"
"Indonesia","2025","Jawa Barat","Kabupaten Ciamis","kabupaten ciamis","501.02","0.8","0.2","0.2","","Tidak Ada","matched","38","16","20","36","41.4","100","39.3","Low","0.40 food share + 0.25 dry combustible deficit + 0.25 unmanaged waste + 0.10 leaked-to-environment; draft screening index"
"Indonesia","2025","Jawa Barat","Kabupaten Kuningan","kabupaten kuningan","485.57","0.12","0.88","0.34","Penjajakan","Tidak Ada","matched","40","10","16","26","48","100","67.95","Medium","0.40 food share + 0.25 dry combustible deficit + 0.25 unmanaged waste + 0.10 leaked-to-environment; draft screening index"
"Indonesia","2025","Jawa Barat","Kabupaten Cirebon","kabupaten cirebon","1249.95","0.03","0.97","0.57","Telah MoU","Tidak Ada","matched","10","10","40","50","65","100","29.95","Low","0.40 food share + 0.25 dry combustible deficit + 0.25 unmanaged waste + 0.10 leaked-to-environment; draft screening index"
"Indonesia","2025","Jawa Barat","Kabupaten Majalengka","kabupaten majalengka","938.43","0.02","0.98","0.85","Penjajakan","Tidak Ada","unmatched","","","","","","","94.29","High","0.40 food share + 0.25 dry combustible deficit + 0.25 unmanaged waste + 0.10 leaked-to-environment; draft screening index"
"Indonesia","2025","Jawa Barat","Kabupaten Sumedang","kabupaten sumedang","490.66","0.14","0.86","0.52","Penjajakan","Dalam Perencanaan","matched","30","10.5","27.5","38","52.5","100","50.05","Medium","0.40 food share + 0.25 dry combustible deficit + 0.25 unmanaged waste + 0.10 leaked-to-environment; draft screening index"
"Indonesia","2025","Jawa Barat","Kabupaten Indramayu","kabupaten indramayu","1121.64","0.09","0.91","0.37","Telah MoU","Tidak Ada","matched","45.17","8.47","13.78","22.25","39.01","100","76.65","High","0.40 food share + 0.25 dry combustible deficit + 0.25 unmanaged waste + 0.10 leaked-to-environment; draft screening index"
"Indonesia","2025","Jawa Barat","Kabupaten Subang","kabupaten subang","659.66","0.04","0.96","0.84","Penjajakan","Tidak Ada","unmatched","","","","","","","92.57","High","0.40 food share + 0.25 dry combustible deficit + 0.25 unmanaged waste + 0.10 leaked-to-environment; draft screening index"
"Indonesia","2025","Jawa Barat","Kabupaten Purwakarta","kabupaten purwakarta","420.14","0.07","0.93","0.59","Telah MoU","Tidak Ada","unmatched","","","","","","","83.29","High","0.40 food share + 0.25 dry combustible deficit + 0.25 unmanaged waste + 0.10 leaked-to-environment; draft screening index"
"Indonesia","2025","Jawa Barat","Kabupaten Karawang","kabupaten karawang","1066.97","0.04","0.96","0.61","PKS - Operasional","Tidak Ada","unmatched","","","","","","","86","High","0.40 food share + 0.25 dry combustible deficit + 0.25 unmanaged waste + 0.10 leaked-to-environment; draft screening index"
"Indonesia","2025","Jawa Barat","Kabupaten Bekasi","kabupaten bekasi","2404.34","0.03","0.97","0.67","PKS - Operasional","Dalam Perencanaan","matched","42.7","24.08","15.56","39.64","49.79","100","64.65","Medium","0.40 food share + 0.25 dry combustible deficit + 0.25 unmanaged waste + 0.10 leaked-to-environment; draft screening index"
"Indonesia","2025","Jawa Barat","Kabupaten Bandung Barat","kabupaten bandung barat","763.13","0.07","0.93","0.74","","Dalam Perencanaan","unmatched","","","","","","","87.57","High","0.40 food share + 0.25 dry combustible deficit + 0.25 unmanaged waste + 0.10 leaked-to-environment; draft screening index"
"Indonesia","2025","Jawa Barat","Kabupaten Pangandaran","kabupaten pangandaran","178.06","0.37","0.63","0.2","","Tidak Ada","unmatched","","","","","","","50.71","Medium","0.40 food share + 0.25 dry combustible deficit + 0.25 unmanaged waste + 0.10 leaked-to-environment; draft screening index"
"Indonesia","2025","Jawa Barat","Kota Bogor","kota bogor","755.36","0.25","0.75","0.07","Penjajakan","Dalam Perencanaan","matched","40","20","15","35","52","100","54.5","Medium","0.40 food share + 0.25 dry combustible deficit + 0.25 unmanaged waste + 0.10 leaked-to-environment; draft screening index"
"Indonesia","2025","Jawa Barat","Kota Sukabumi","kota sukabumi","186.01","0.14","0.86","0.86","Telah MoU","Tidak Ada","unmatched","","","","","","","86","High","0.40 food share + 0.25 dry combustible deficit + 0.25 unmanaged waste + 0.10 leaked-to-environment; draft screening index"
"Indonesia","2025","Jawa Barat","Kota Bandung","kota bandung","1573.7","0.22","0.78","0.02","PKS - Operasional","Tidak Ada","unmatched","","","","","","","56.29","Medium","0.40 food share + 0.25 dry combustible deficit + 0.25 unmanaged waste + 0.10 leaked-to-environment; draft screening index"
"Indonesia","2025","Jawa Barat","Kota Cirebon","kota cirebon","216.35","0.06","0.94","0.2","Telah MoU","Tidak Ada","matched","49.22","5.56","19.01","24.57","38.67","100","77.3","High","0.40 food share + 0.25 dry combustible deficit + 0.25 unmanaged waste + 0.10 leaked-to-environment; draft screening index"
"Indonesia","2025","Jawa Barat","Kota Bekasi","kota bekasi","1800.55","0.06","0.94","0.25","","Dalam Perencanaan","unmatched","","","","","","","74.29","High","0.40 food share + 0.25 dry combustible deficit + 0.25 unmanaged waste + 0.10 leaked-to-environment; draft screening index"
"Indonesia","2025","Jawa Barat","Kota Depok","kota depok","1276.54","0.17","0.83","0.24","Telah MoU","Tidak Ada","unmatched","","","","","","","66.14","Medium","0.40 food share + 0.25 dry combustible deficit + 0.25 unmanaged waste + 0.10 leaked-to-environment; draft screening index"
"Indonesia","2025","Jawa Barat","Kota Cimahi","kota cimahi","233.69","0.5","0.5","0.08","","Dalam Perencanaan","unmatched","","","","","","","38","Low","0.40 food share + 0.25 dry combustible deficit + 0.25 unmanaged waste + 0.10 leaked-to-environment; draft screening index"
"Indonesia","2025","Jawa Barat","Kota Tasikmalaya","kota tasikmalaya","333.44","0.18","0.82","0","","Tidak Ada","matched","25.3","12.19","31.53","43.72","62.08","100","35.1","Low","0.40 food share + 0.25 dry combustible deficit + 0.25 unmanaged waste + 0.10 leaked-to-environment; draft screening index"
"Indonesia","2025","Jawa Barat","Kota Banjar","kota banjar","83.92","0.89","0.11","0.11","","Tidak Ada","matched","","","","0","0","0","48.08","Medium","0.40 food share + 0.25 dry combustible deficit + 0.25 unmanaged waste + 0.10 leaked-to-environment; draft screening index"
"Indonesia","2025","Jawa Tengah","Kabupaten Cilacap","kabupaten cilacap","963.76","0.18","0.82","0.82","PKS - Operasional","Tidak Ada","unmatched","","","","","","","82","High","0.40 food share + 0.25 dry combustible deficit + 0.25 unmanaged waste + 0.10 leaked-to-environment; draft screening index"
"Indonesia","2025","Jawa Tengah","Kabupaten Banyumas","kabupaten banyumas","731.43","0.71","0.29","0.29","PKS - Operasional","Tidak Ada","unmatched","","","","","","","29","Low","0.40 food share + 0.25 dry combustible deficit + 0.25 unmanaged waste + 0.10 leaked-to-environment; draft screening index"
"Indonesia","2025","Jawa Tengah","Kabupaten Purbalingga","kabupaten purbalingga","523.88","0.31","0.69","0.57","Penjajakan","Tidak Ada","unmatched","","","","","","","65.57","Medium","0.40 food share + 0.25 dry combustible deficit + 0.25 unmanaged waste + 0.10 leaked-to-environment; draft screening index"
"Indonesia","2025","Jawa Tengah","Kabupaten Banjarnegara","kabupaten banjarnegara","428.79","0.24","0.76","0.61","","Tidak Ada","unmatched","","","","","","","71.71","High","0.40 food share + 0.25 dry combustible deficit + 0.25 unmanaged waste + 0.10 leaked-to-environment; draft screening index"
"Indonesia","2025","Jawa Tengah","Kabupaten Kebumen","kabupaten kebumen","699.15","0.36","0.64","0.5","Telah MoU","Tidak Ada","unmatched","","","","","","","60","Medium","0.40 food share + 0.25 dry combustible deficit + 0.25 unmanaged waste + 0.10 leaked-to-environment; draft screening index"
"Indonesia","2025","Jawa Tengah","Kabupaten Purworejo","kabupaten purworejo","323.86","0.73","0.27","0.27","Penjajakan","Tidak Ada","unmatched","","","","","","","27","Low","0.40 food share + 0.25 dry combustible deficit + 0.25 unmanaged waste + 0.10 leaked-to-environment; draft screening index"
"Indonesia","2025","Jawa Tengah","Kabupaten Wonosobo","kabupaten wonosobo","368.2","0.7","0.3","0.3","Telah MoU","Tidak Ada","matched","71.3","2.5","13.1","15.6","19.8","100","75","High","0.40 food share + 0.25 dry combustible deficit + 0.25 unmanaged waste + 0.10 leaked-to-environment; draft screening index"
"Indonesia","2025","Jawa Tengah","Kabupaten Magelang","kabupaten magelang","670.72","0.54","0.46","0.31","Telah PKS","Tidak Ada","unmatched","","","","","","","41.71","Low","0.40 food share + 0.25 dry combustible deficit + 0.25 unmanaged waste + 0.10 leaked-to-environment; draft screening index"
"Indonesia","2025","Jawa Tengah","Kabupaten Boyolali","kabupaten boyolali","300.8","0.13","0.87","0.46","Penjajakan","Tidak Ada","matched","39","11.5","17.9","29.4","47.4","100","64.95","Medium","0.40 food share + 0.25 dry combustible deficit + 0.25 unmanaged waste + 0.10 leaked-to-environment; draft screening index"
"Indonesia","2025","Jawa Tengah","Kabupaten Klaten","kabupaten klaten","650.07","0.26","0.74","0.49","Potensi, belum penjajakan","Tidak Ada","matched","60","5","20","25","38","100","80.15","High","0.40 food share + 0.25 dry combustible deficit + 0.25 unmanaged waste + 0.10 leaked-to-environment; draft screening index"
"Indonesia","2025","Jawa Tengah","Kabupaten Sukoharjo","kabupaten sukoharjo","366.59","0.16","0.84","0.16","","Tidak Ada","matched","52.25","12.9","23.9","36.8","39.09","100","66.95","Medium","0.40 food share + 0.25 dry combustible deficit + 0.25 unmanaged waste + 0.10 leaked-to-environment; draft screening index"
"Indonesia","2025","Jawa Tengah","Kabupaten Wonogiri","kabupaten wonogiri","421.66","0.06","0.94","0.88","Penjajakan","Tidak Ada","matched","53","16","11","27","43","100","85.7","High","0.40 food share + 0.25 dry combustible deficit + 0.25 unmanaged waste + 0.10 leaked-to-environment; draft screening index"
"Indonesia","2025","Jawa Tengah","Kabupaten Karanganyar","kabupaten karanganyar","382.05","0.03","0.97","0.61","Penjajakan","Tidak Ada","unmatched","","","","","","","86.71","High","0.40 food share + 0.25 dry combustible deficit + 0.25 unmanaged waste + 0.10 leaked-to-environment; draft screening index"
"Indonesia","2025","Jawa Tengah","Kabupaten Sragen","kabupaten sragen","401.9","0.18","0.82","0.35","","Tidak Ada","matched","74.3","8.9","11.2","20.1","23","100","84.75","High","0.40 food share + 0.25 dry combustible deficit + 0.25 unmanaged waste + 0.10 leaked-to-environment; draft screening index"
"Indonesia","2025","Jawa Tengah","Kabupaten Grobogan","kabupaten grobogan","858.63","0.52","0.48","0.48","Penjajakan","Tidak Ada","unmatched","","","","","","","48","Medium","0.40 food share + 0.25 dry combustible deficit + 0.25 unmanaged waste + 0.10 leaked-to-environment; draft screening index"
"Indonesia","2025","Jawa Tengah","Kabupaten Blora","kabupaten blora","401.55","0.24","0.76","0.13","Telah MoU","Tidak Ada","unmatched","","","","","","","58","Medium","0.40 food share + 0.25 dry combustible deficit + 0.25 unmanaged waste + 0.10 leaked-to-environment; draft screening index"
"Indonesia","2025","Jawa Tengah","Kabupaten Rembang","kabupaten rembang","272.86","0.14","0.86","0.56","Telah MoU","Tidak Ada","unmatched","","","","","","","77.43","High","0.40 food share + 0.25 dry combustible deficit + 0.25 unmanaged waste + 0.10 leaked-to-environment; draft screening index"
"Indonesia","2025","Jawa Tengah","Kabupaten Pati","kabupaten pati","690.96","0.17","0.83","0.56","Telah MoU","Tidak Ada","unmatched","","","","","","","75.29","High","0.40 food share + 0.25 dry combustible deficit + 0.25 unmanaged waste + 0.10 leaked-to-environment; draft screening index"
"Indonesia","2025","Jawa Tengah","Kabupaten Kudus","kabupaten kudus","440.43","0.3","0.7","0.4","Telah MoU","Tidak Ada","unmatched","","","","","","","61.43","Medium","0.40 food share + 0.25 dry combustible deficit + 0.25 unmanaged waste + 0.10 leaked-to-environment; draft screening index"
"Indonesia","2025","Jawa Tengah","Kabupaten Jepara","kabupaten jepara","432.65","0.55","0.45","0.45","Telah MoU","Tidak Ada","unmatched","","","","","","","45","Medium","0.40 food share + 0.25 dry combustible deficit + 0.25 unmanaged waste + 0.10 leaked-to-environment; draft screening index"
"Indonesia","2025","Jawa Tengah","Kabupaten Demak","kabupaten demak","626.49","0.3","0.7","0.51","Penjajakan","Tidak Ada","matched","39.69","12.08","17.89","29.97","47.11","100","61.5","Medium","0.40 food share + 0.25 dry combustible deficit + 0.25 unmanaged waste + 0.10 leaked-to-environment; draft screening index"
"Indonesia","2025","Jawa Tengah","Kabupaten Semarang","kabupaten semarang","544.36","0.13","0.87","0.36","Potensi, belum penjajakan","Tidak Ada","matched","71.56","4.25","18.52","22.77","24.53","100","83.85","High","0.40 food share + 0.25 dry combustible deficit + 0.25 unmanaged waste + 0.10 leaked-to-environment; draft screening index"
"Indonesia","2025","Jawa Tengah","Kabupaten Temanggung","kabupaten temanggung","411.44","0.32","0.68","0.39","Telah MoU","Tidak Ada","unmatched","","","","","","","59.71","Medium","0.40 food share + 0.25 dry combustible deficit + 0.25 unmanaged waste + 0.10 leaked-to-environment; draft screening index"
"Indonesia","2025","Jawa Tengah","Kabupaten Kendal","kabupaten kendal","437.22","0.03","0.97","0.53","Telah MoU","Dalam Perencanaan","unmatched","","","","","","","84.43","High","0.40 food share + 0.25 dry combustible deficit + 0.25 unmanaged waste + 0.10 leaked-to-environment; draft screening index"
"Indonesia","2025","Jawa Tengah","Kabupaten Batang","kabupaten batang","472.46","0.05","0.95","0.61","","Tidak Ada","unmatched","","","","","","","85.29","High","0.40 food share + 0.25 dry combustible deficit + 0.25 unmanaged waste + 0.10 leaked-to-environment; draft screening index"
"Indonesia","2025","Jawa Tengah","Kabupaten Pekalongan","kabupaten pekalongan","402.95","0.26","0.74","0.4","","Tidak Ada","unmatched","","","","","","","64.29","Medium","0.40 food share + 0.25 dry combustible deficit + 0.25 unmanaged waste + 0.10 leaked-to-environment; draft screening index"
"Indonesia","2025","Jawa Tengah","Kabupaten Pemalang","kabupaten pemalang","467.92","0.34","0.66","0.37","Penjajakan","Tidak Ada","unmatched","","","","","","","57.71","Medium","0.40 food share + 0.25 dry combustible deficit + 0.25 unmanaged waste + 0.10 leaked-to-environment; draft screening index"
"Indonesia","2025","Jawa Tengah","Kabupaten Tegal","kabupaten tegal","661.94","0.11","0.89","0.39","","Tidak Ada","matched","","","","0","0","0","85.25","High","0.40 food share + 0.25 dry combustible deficit + 0.25 unmanaged waste + 0.10 leaked-to-environment; draft screening index"
"Indonesia","2025","Jawa Tengah","Kabupaten Brebes","kabupaten brebes","1033.21","0.02","0.98","0.79","Penjajakan","Tidak Ada","unmatched","","","","","","","92.57","High","0.40 food share + 0.25 dry combustible deficit + 0.25 unmanaged waste + 0.10 leaked-to-environment; draft screening index"
"Indonesia","2025","Jawa Tengah","Kota Magelang","kota magelang","85.21","0.07","0.93","0.11","Telah MoU","Tidak Ada","matched","41.17","15.93","23.28","39.21","46.79","100","56.7","Medium","0.40 food share + 0.25 dry combustible deficit + 0.25 unmanaged waste + 0.10 leaked-to-environment; draft screening index"
"Indonesia","2025","Jawa Tengah","Kota Surakarta","kota surakarta","421.48","0.12","0.88","0.07","","Ada dan Sudah Beroperasi","matched","49.55","7.17","10.29","17.46","34.99","100","80.9","High","0.40 food share + 0.25 dry combustible deficit + 0.25 unmanaged waste + 0.10 leaked-to-environment; draft screening index"
"Indonesia","2025","Jawa Tengah","Kota Salatiga","kota salatiga","115.06","0.31","0.69","0.01","Penjajakan","Tidak Ada","unmatched","","","","","","","49.57","Medium","0.40 food share + 0.25 dry combustible deficit + 0.25 unmanaged waste + 0.10 leaked-to-environment; draft screening index"
"Indonesia","2025","Jawa Tengah","Kota Semarang","kota semarang","1190.46","0.08","0.92","0.2","Penjajakan","Dalam Perencanaan","matched","60.8","10.2","17.2","27.4","33.3","100","79.75","High","0.40 food share + 0.25 dry combustible deficit + 0.25 unmanaged waste + 0.10 leaked-to-environment; draft screening index"
"Indonesia","2025","Jawa Tengah","Kota Pekalongan","kota pekalongan","162.27","0.4","0.6","0.17","","Tidak Ada","unmatched","","","","","","","47.71","Medium","0.40 food share + 0.25 dry combustible deficit + 0.25 unmanaged waste + 0.10 leaked-to-environment; draft screening index"
"Indonesia","2025","Jawa Tengah","Kota Tegal","kota tegal","176.69","0.32","0.68","0.03","","Tidak Ada","unmatched","","","","","","","49.43","Medium","0.40 food share + 0.25 dry combustible deficit + 0.25 unmanaged waste + 0.10 leaked-to-environment; draft screening index"
"Indonesia","2025","Jawa Timur","Kabupaten Sumenep","kabupaten sumenep","361.19","0.17","0.83","0.72","PKS - Operasional","Tidak Ada","unmatched","","","","","","","79.86","High","0.40 food share + 0.25 dry combustible deficit + 0.25 unmanaged waste + 0.10 leaked-to-environment; draft screening index"
"Indonesia","2025","Jawa Timur","Kota Kediri","kota kediri","181.92","0.08","0.92","0.05","","Tidak Ada","matched","42.42","20.3","11.7","32","48.4","100","63.05","Medium","0.40 food share + 0.25 dry combustible deficit + 0.25 unmanaged waste + 0.10 leaked-to-environment; draft screening index"
"Indonesia","2025","Jawa Timur","Kota Blitar","kota blitar","77.44","0.98","0.02","0.02","","Tidak Ada","unmatched","","","","","","","2","Low","0.40 food share + 0.25 dry combustible deficit + 0.25 unmanaged waste + 0.10 leaked-to-environment; draft screening index"
"Indonesia","2025","Jawa Timur","Kota Malang","kota malang","731.24","0.99","0.01","0.01","Penjajakan","Tidak Ada","matched","","","","0","0","0","42.25","Low","0.40 food share + 0.25 dry combustible deficit + 0.25 unmanaged waste + 0.10 leaked-to-environment; draft screening index"
"Indonesia","2025","Jawa Timur","Kota Probolinggo","kota probolinggo","122.2","0.23","0.77","0.1","Telah MoU","Tidak Ada","matched","45.55","12.78","26.3","39.08","50.74","100","56.85","Medium","0.40 food share + 0.25 dry combustible deficit + 0.25 unmanaged waste + 0.10 leaked-to-environment; draft screening index"
"Indonesia","2025","Jawa Timur","Kota Pasuruan","kota pasuruan","149.43","0.93","0.07","0.07","","Tidak Ada","matched","45","10.65","19.04","29.69","48.36","100","46.4","Medium","0.40 food share + 0.25 dry combustible deficit + 0.25 unmanaged waste + 0.10 leaked-to-environment; draft screening index"
"Indonesia","2025","Jawa Timur","Kota Mojokerto","kota mojokerto","99.25","0.13","0.87","0.07","","Tidak Ada","matched","36.07","9.88","38.8","48.68","60.22","100","45.65","Medium","0.40 food share + 0.25 dry combustible deficit + 0.25 unmanaged waste + 0.10 leaked-to-environment; draft screening index"
"Indonesia","2025","Jawa Timur","Kota Madiun","kota madiun","111.4","0.11","0.89","0.02","","Tidak Ada","matched","","","","0","0","0","79.08","High","0.40 food share + 0.25 dry combustible deficit + 0.25 unmanaged waste + 0.10 leaked-to-environment; draft screening index"
"Indonesia","2025","Jawa Timur","Kota Surabaya","kota surabaya","1810.81","0.98","0.02","0.02","Penjajakan","Ada dan Sudah Beroperasi","matched","34.48","5.89","16.51","22.4","48.01","100","41.05","Low","0.40 food share + 0.25 dry combustible deficit + 0.25 unmanaged waste + 0.10 leaked-to-environment; draft screening index"
"Indonesia","2025","Jawa Timur","Kota Batu","kota batu","122.15","0.6","0.4","0.4","Potensi, belum penjajakan","Tidak Ada","matched","53.55","8.38","23.97","32.35","40.92","100","63.3","Medium","0.40 food share + 0.25 dry combustible deficit + 0.25 unmanaged waste + 0.10 leaked-to-environment; draft screening index"
"Indonesia","2025","Jawa Timur","Kabupaten Pacitan","kabupaten pacitan","300.25","0.31","0.69","0.69","","Tidak Ada","matched","68.2","8.2","17.2","25.4","28.8","100","80.4","High","0.40 food share + 0.25 dry combustible deficit + 0.25 unmanaged waste + 0.10 leaked-to-environment; draft screening index"
"Indonesia","2025","Jawa Timur","Kabupaten Ponorogo","kabupaten ponorogo","391.09","0.29","0.71","0.51","PKS - Operasional","Tidak Ada","matched","20","16.53","21.89","38.42","71.58","100","37.15","Low","0.40 food share + 0.25 dry combustible deficit + 0.25 unmanaged waste + 0.10 leaked-to-environment; draft screening index"
"Indonesia","2025","Jawa Timur","Kabupaten Trenggalek","kabupaten trenggalek","301.52","0.53","0.47","0.47","","Tidak Ada","matched","45","13","21","34","50","100","56.9","Medium","0.40 food share + 0.25 dry combustible deficit + 0.25 unmanaged waste + 0.10 leaked-to-environment; draft screening index"
"Indonesia","2025","Jawa Timur","Kabupaten Tulungagung","kabupaten tulungagung","454.59","0.08","0.92","0.65","","Tidak Ada","unmatched","","","","","","","84.29","High","0.40 food share + 0.25 dry combustible deficit + 0.25 unmanaged waste + 0.10 leaked-to-environment; draft screening index"
"Indonesia","2025","Jawa Timur","Kabupaten Blitar","kabupaten blitar","417","0.03","0.97","0.9","","Tidak Ada","matched","40","12.55","15","27.55","45.01","100","74.55","High","0.40 food share + 0.25 dry combustible deficit + 0.25 unmanaged waste + 0.10 leaked-to-environment; draft screening index"
"Indonesia","2025","Jawa Timur","Kabupaten Kediri","kabupaten kediri","676.79","0.6","0.4","0.4","","Tidak Ada","matched","41.04","9.61","16.72","26.33","36.17","100","57.1","Medium","0.40 food share + 0.25 dry combustible deficit + 0.25 unmanaged waste + 0.10 leaked-to-environment; draft screening index"
"Indonesia","2025","Jawa Timur","Kabupaten Malang","kabupaten malang","1093.96","0.49","0.51","0.4","Telah MoU","Tidak Ada","matched","7","9.4","12","21.4","81.5","100","36.5","Low","0.40 food share + 0.25 dry combustible deficit + 0.25 unmanaged waste + 0.10 leaked-to-environment; draft screening index"
"Indonesia","2025","Jawa Timur","Kabupaten Lumajang","kabupaten lumajang","553.44","0.58","0.42","0.42","","Tidak Ada","unmatched","","","","","","","42","Low","0.40 food share + 0.25 dry combustible deficit + 0.25 unmanaged waste + 0.10 leaked-to-environment; draft screening index"
"Indonesia","2025","Jawa Timur","Kabupaten Jember","kabupaten jember","1046.35","0.02","0.98","0.79","Belum ada keterangan","Tidak Ada","matched","","","","0","0","0","95.67","High","0.40 food share + 0.25 dry combustible deficit + 0.25 unmanaged waste + 0.10 leaked-to-environment; draft screening index"
"Indonesia","2025","Jawa Timur","Kabupaten Banyuwangi","kabupaten banyuwangi","839.1","0.48","0.52","0.31","Telah MoU","Tidak Ada","matched","60.59","5.77","14.75","20.52","31.37","100","76.6","High","0.40 food share + 0.25 dry combustible deficit + 0.25 unmanaged waste + 0.10 leaked-to-environment; draft screening index"
"Indonesia","2025","Jawa Timur","Kabupaten Bondowoso","kabupaten bondowoso","315.2","0","1","0.79","","Tidak Ada","matched","37.01","15.47","21.54","37.01","57.15","100","63.65","Medium","0.40 food share + 0.25 dry combustible deficit + 0.25 unmanaged waste + 0.10 leaked-to-environment; draft screening index"
"Indonesia","2025","Jawa Timur","Kabupaten Situbondo","kabupaten situbondo","256.63","0.73","0.27","0.27","","Tidak Ada","matched","","","","0","0","0","57.42","Medium","0.40 food share + 0.25 dry combustible deficit + 0.25 unmanaged waste + 0.10 leaked-to-environment; draft screening index"
"Indonesia","2025","Jawa Timur","Kabupaten Probolinggo","kabupaten probolinggo","477.31","0.04","0.96","0.84","","Tidak Ada","matched","52.02","16.6","16.91","33.51","43.68","100","79.1","High","0.40 food share + 0.25 dry combustible deficit + 0.25 unmanaged waste + 0.10 leaked-to-environment; draft screening index"
"Indonesia","2025","Jawa Timur","Kabupaten Pasuruan","kabupaten pasuruan","833.7","0.31","0.69","0.69","PKS - Operasional","Tidak Ada","matched","58.5","5.7","10","15.7","18.2","100","88.65","High","0.40 food share + 0.25 dry combustible deficit + 0.25 unmanaged waste + 0.10 leaked-to-environment; draft screening index"
"Indonesia","2025","Jawa Timur","Kabupaten Sidoarjo","kabupaten sidoarjo","892.26","0.9","0.1","0.1","Telah MoU","Dalam Perencanaan","matched","","","","0","0","0","47.5","Medium","0.40 food share + 0.25 dry combustible deficit + 0.25 unmanaged waste + 0.10 leaked-to-environment; draft screening index"
"Indonesia","2025","Jawa Timur","Kabupaten Mojokerto","kabupaten mojokerto","449.64","0.53","0.47","0.47","","Tidak Ada","matched","","","","0","0","0","69.08","Medium","0.40 food share + 0.25 dry combustible deficit + 0.25 unmanaged waste + 0.10 leaked-to-environment; draft screening index"
"Indonesia","2025","Jawa Timur","Kabupaten Jombang","kabupaten jombang","530.53","0.69","0.31","0.31","Penjajakan","Tidak Ada","matched","50","10","18","28","43.4","100","60.7","Medium","0.40 food share + 0.25 dry combustible deficit + 0.25 unmanaged waste + 0.10 leaked-to-environment; draft screening index"
"Indonesia","2025","Jawa Timur","Kabupaten Nganjuk","kabupaten nganjuk","743.93","0.49","0.51","0.4","Penjajakan","Tidak Ada","matched","61.5","13.1","12.3","25.4","29.4","100","73","High","0.40 food share + 0.25 dry combustible deficit + 0.25 unmanaged waste + 0.10 leaked-to-environment; draft screening index"
"Indonesia","2025","Jawa Timur","Kabupaten Madiun","kabupaten madiun","295.09","0.61","0.39","0.39","","Tidak Ada","matched","57.8","11.3","25.7","37","38.97","100","60.4","Medium","0.40 food share + 0.25 dry combustible deficit + 0.25 unmanaged waste + 0.10 leaked-to-environment; draft screening index"
"Indonesia","2025","Jawa Timur","Kabupaten Magetan","kabupaten magetan","276.65","0.71","0.29","0.29","","Tidak Ada","matched","36.28","8.22","14.25","22.47","51.64","100","52.1","Medium","0.40 food share + 0.25 dry combustible deficit + 0.25 unmanaged waste + 0.10 leaked-to-environment; draft screening index"
"Indonesia","2025","Jawa Timur","Kabupaten Ngawi","kabupaten ngawi","371.87","0.27","0.73","0.71","Telah MoU","Tidak Ada","matched","60","11","12.5","23.5","33","100","83.35","High","0.40 food share + 0.25 dry combustible deficit + 0.25 unmanaged waste + 0.10 leaked-to-environment; draft screening index"
"Indonesia","2025","Jawa Timur","Kabupaten Bojonegoro","kabupaten bojonegoro","368.03","0.32","0.68","0.46","Penjajakan","Tidak Ada","unmatched","","","","","","","61.71","Medium","0.40 food share + 0.25 dry combustible deficit + 0.25 unmanaged waste + 0.10 leaked-to-environment; draft screening index"
"Indonesia","2025","Jawa Timur","Kabupaten Tuban","kabupaten tuban","528.51","0.66","0.34","0.34","Telah MoU","Tidak Ada","matched","58.52","5.78","11.02","16.8","33.84","100","75.4","High","0.40 food share + 0.25 dry combustible deficit + 0.25 unmanaged waste + 0.10 leaked-to-environment; draft screening index"
"Indonesia","2025","Jawa Timur","Kabupaten Lamongan","kabupaten lamongan","555.13","0.35","0.65","0.53","Telah MoU","Dalam Perencanaan","matched","30","9","18","27","43","100","54.15","Medium","0.40 food share + 0.25 dry combustible deficit + 0.25 unmanaged waste + 0.10 leaked-to-environment; draft screening index"
"Indonesia","2025","Jawa Timur","Kabupaten Gresik","kabupaten gresik","401.01","0.75","0.25","0.25","PKS - Operasional","Dalam Perencanaan","unmatched","","","","","","","25","Low","0.40 food share + 0.25 dry combustible deficit + 0.25 unmanaged waste + 0.10 leaked-to-environment; draft screening index"
"Indonesia","2025","Jawa Timur","Kabupaten Bangkalan","kabupaten bangkalan","417.67","0.23","0.77","0.77","PKS - Operasional","Tidak Ada","matched","52.32","9.72","14.97","24.69","41.32","100","81.55","High","0.40 food share + 0.25 dry combustible deficit + 0.25 unmanaged waste + 0.10 leaked-to-environment; draft screening index"
"Indonesia","2025","Jawa Timur","Kabupaten Sampang","kabupaten sampang","241.18","0.11","0.89","0.89","","Tidak Ada","unmatched","","","","","","","89","High","0.40 food share + 0.25 dry combustible deficit + 0.25 unmanaged waste + 0.10 leaked-to-environment; draft screening index"
"Indonesia","2025","Jawa Timur","Kabupaten Pamekasan","kabupaten pamekasan","280.74","0.61","0.39","0.39","","Tidak Ada","matched","55","7","13","20","31","100","74.4","High","0.40 food share + 0.25 dry combustible deficit + 0.25 unmanaged waste + 0.10 leaked-to-environment; draft screening index"
"Indonesia","2025","Kalimantan Barat","Kabupaten Sambas","kabupaten sambas","328.87","0.02","0.98","0.93","","Tidak Ada","matched","40","14.2","25","39.2","46.7","89","65.35","Medium","0.40 food share + 0.25 dry combustible deficit + 0.25 unmanaged waste + 0.10 leaked-to-environment; draft screening index"
"Indonesia","2025","Kalimantan Barat","Kabupaten Bengkayang","kabupaten bengkayang","119.59","0","1","0.85","","Tidak Ada","matched","","","","0","0","0","97.5","High","0.40 food share + 0.25 dry combustible deficit + 0.25 unmanaged waste + 0.10 leaked-to-environment; draft screening index"
"Indonesia","2025","Kalimantan Barat","Kabupaten Landak","kabupaten landak","166.01","0","1","0.82","","Tidak Ada","matched","35","20","28","48","50","100","55.6","Medium","0.40 food share + 0.25 dry combustible deficit + 0.25 unmanaged waste + 0.10 leaked-to-environment; draft screening index"
"Indonesia","2025","Kalimantan Barat","Kabupaten Mempawah","kabupaten mempawah","82.37","0","1","0.66","","Tidak Ada","matched","40.25","11.33","18.07","29.4","47.06","100","71.4","High","0.40 food share + 0.25 dry combustible deficit + 0.25 unmanaged waste + 0.10 leaked-to-environment; draft screening index"
"Indonesia","2025","Kalimantan Barat","Kabupaten Sanggau","kabupaten sanggau","253.78","0","1","0.84","","Tidak Ada","matched","56.21","4.73","7.1","11.83","25.44","100","98.4","High","0.40 food share + 0.25 dry combustible deficit + 0.25 unmanaged waste + 0.10 leaked-to-environment; draft screening index"
"Indonesia","2025","Kalimantan Barat","Kabupaten Ketapang","kabupaten ketapang","296.26","0.01","0.99","0.79","","Tidak Ada","matched","1.63","21.24","17.62","38.86","52.68","99.97","37.65","Low","0.40 food share + 0.25 dry combustible deficit + 0.25 unmanaged waste + 0.10 leaked-to-environment; draft screening index"
"Indonesia","2025","Kalimantan Barat","Kabupaten Sintang","kabupaten sintang","216.84","0.03","0.97","0.61","","Tidak Ada","unmatched","","","","","","","86.71","High","0.40 food share + 0.25 dry combustible deficit + 0.25 unmanaged waste + 0.10 leaked-to-environment; draft screening index"
"Indonesia","2025","Kalimantan Barat","Kabupaten Kapuas Hulu","kabupaten kapuas hulu","110.44","0.01","0.99","0.75","","Tidak Ada","matched","44.77","12.8","28.62","41.42","46.81","100","66.05","Medium","0.40 food share + 0.25 dry combustible deficit + 0.25 unmanaged waste + 0.10 leaked-to-environment; draft screening index"
"Indonesia","2025","Kalimantan Barat","Kabupaten Sekadau","kabupaten sekadau","90.2","0.01","0.99","0.63","","Tidak Ada","unmatched","","","","","","","88.71","High","0.40 food share + 0.25 dry combustible deficit + 0.25 unmanaged waste + 0.10 leaked-to-environment; draft screening index"
"Indonesia","2025","Kalimantan Barat","Kabupaten Melawi","kabupaten melawi","97.3","0.06","0.94","0.79","","Tidak Ada","unmatched","","","","","","","89.71","High","0.40 food share + 0.25 dry combustible deficit + 0.25 unmanaged waste + 0.10 leaked-to-environment; draft screening index"
"Indonesia","2025","Kalimantan Barat","Kabupaten Kayong Utara","kabupaten kayong utara","67.54","0","1","0.66","","Tidak Ada","matched","39.31","11.21","19.74","30.95","48.13","93.22","69.35","Medium","0.40 food share + 0.25 dry combustible deficit + 0.25 unmanaged waste + 0.10 leaked-to-environment; draft screening index"
"Indonesia","2025","Kalimantan Barat","Kabupaten Kubu Raya","kabupaten kubu raya","443.06","0","1","0.84","","Tidak Ada","matched","","","","0","0","0","97.33","High","0.40 food share + 0.25 dry combustible deficit + 0.25 unmanaged waste + 0.10 leaked-to-environment; draft screening index"
"Indonesia","2025","Kalimantan Barat","Kota Pontianak","kota pontianak","412.22","0.25","0.75","0","","Tidak Ada","matched","","","","0","0","0","72.92","High","0.40 food share + 0.25 dry combustible deficit + 0.25 unmanaged waste + 0.10 leaked-to-environment; draft screening index"
"Indonesia","2025","Kalimantan Barat","Kota Singkawang","kota singkawang","97.21","0.12","0.88","0","","Tidak Ada","matched","76","8.4","7.8","16.2","16.2","100","86","High","0.40 food share + 0.25 dry combustible deficit + 0.25 unmanaged waste + 0.10 leaked-to-environment; draft screening index"
"Indonesia","2025","Kalimantan Selatan","Kabupaten Tanah Laut","kabupaten tanah laut","145.67","0.29","0.71","0.71","","Tidak Ada","matched","","","","0","0","0","83.08","High","0.40 food share + 0.25 dry combustible deficit + 0.25 unmanaged waste + 0.10 leaked-to-environment; draft screening index"
"Indonesia","2025","Kalimantan Selatan","Kabupaten Kota Baru","kabupaten kota baru","132.12","0.08","0.92","0.71","Telah MoU","Tidak Ada","unmatched","","","","","","","86","High","0.40 food share + 0.25 dry combustible deficit + 0.25 unmanaged waste + 0.10 leaked-to-environment; draft screening index"
"Indonesia","2025","Kalimantan Selatan","Kabupaten Banjar","kabupaten banjar","365.43","0.51","0.49","0.1","","Tidak Ada","matched","34.76","4.84","17.15","21.99","35.25","100","54.5","Medium","0.40 food share + 0.25 dry combustible deficit + 0.25 unmanaged waste + 0.10 leaked-to-environment; draft screening index"
"Indonesia","2025","Kalimantan Selatan","Kabupaten Barito Kuala","kabupaten barito kuala","100.27","0.3","0.7","0.24","","Tidak Ada","matched","42","10","21","31","45.5","100","60.05","Medium","0.40 food share + 0.25 dry combustible deficit + 0.25 unmanaged waste + 0.10 leaked-to-environment; draft screening index"
"Indonesia","2025","Kalimantan Selatan","Kabupaten Tapin","kabupaten tapin","76.18","0.04","0.96","0.33","Penjajakan","Tidak Ada","matched","42.23","16.73","30.5","47.23","54.81","100","56.1","Medium","0.40 food share + 0.25 dry combustible deficit + 0.25 unmanaged waste + 0.10 leaked-to-environment; draft screening index"
"Indonesia","2025","Kalimantan Selatan","Kabupaten Hulu Sungai Selatan","kabupaten hulu sungai selatan","119.21","0.55","0.45","0.45","Penjajakan","Tidak Ada","matched","55.18","13.13","25.35","38.48","41.32","100","61.25","Medium","0.40 food share + 0.25 dry combustible deficit + 0.25 unmanaged waste + 0.10 leaked-to-environment; draft screening index"
"Indonesia","2025","Kalimantan Selatan","Kabupaten Hulu Sungai Tengah","kabupaten hulu sungai tengah","134.8","0.52","0.48","0.48","","Tidak Ada","matched","","","","0","0","0","69.67","Medium","0.40 food share + 0.25 dry combustible deficit + 0.25 unmanaged waste + 0.10 leaked-to-environment; draft screening index"
"Indonesia","2025","Kalimantan Selatan","Kabupaten Hulu Sungai Utara","kabupaten hulu sungai utara","119.13","0.34","0.66","0.66","","Tidak Ada","matched","49.1","8.41","13.8","22.21","32.58","100","76.9","High","0.40 food share + 0.25 dry combustible deficit + 0.25 unmanaged waste + 0.10 leaked-to-environment; draft screening index"
"Indonesia","2025","Kalimantan Selatan","Kabupaten Tabalong","kabupaten tabalong","138.7","0.66","0.34","0.34","Telah MoU","Tidak Ada","matched","52.71","11.79","25.91","37.7","39.31","100","55.9","Medium","0.40 food share + 0.25 dry combustible deficit + 0.25 unmanaged waste + 0.10 leaked-to-environment; draft screening index"
"Indonesia","2025","Kalimantan Selatan","Kabupaten Tanah Bumbu","kabupaten tanah bumbu","175.66","0.73","0.27","0.27","PKS - Operasional","Tidak Ada","matched","64.04","3.2","12.3","15.5","23.17","100","73.95","High","0.40 food share + 0.25 dry combustible deficit + 0.25 unmanaged waste + 0.10 leaked-to-environment; draft screening index"
"Indonesia","2025","Kalimantan Selatan","Kabupaten Balangan","kabupaten balangan","69.48","0.67","0.33","0.33","","Tidak Ada","matched","60.62","10.43","15.84","26.27","36.14","100","67.05","Medium","0.40 food share + 0.25 dry combustible deficit + 0.25 unmanaged waste + 0.10 leaked-to-environment; draft screening index"
"Indonesia","2025","Kalimantan Selatan","Kota Banjarmasin","kota banjarmasin","477.39","0.02","0.98","0.47","Penjajakan","Tidak Ada","matched","130.98","43.2","42.69","85.89","165.2","403.62","69.2","Medium","0.40 food share + 0.25 dry combustible deficit + 0.25 unmanaged waste + 0.10 leaked-to-environment; draft screening index"
"Indonesia","2025","Kalimantan Selatan","Kota Banjarbaru","kota banjarbaru","199.88","0.11","0.89","0.08","","Tidak Ada","unmatched","","","","","","","65.86","Medium","0.40 food share + 0.25 dry combustible deficit + 0.25 unmanaged waste + 0.10 leaked-to-environment; draft screening index"
"Indonesia","2025","Kalimantan Tengah","Kabupaten Kotawaringin Barat","kabupaten kotawaringin barat","141.4","0.7","0.3","0.3","","Tidak Ada","matched","51","13","10","23","35","100","65.15","Medium","0.40 food share + 0.25 dry combustible deficit + 0.25 unmanaged waste + 0.10 leaked-to-environment; draft screening index"
"Indonesia","2025","Kalimantan Tengah","Kabupaten Kotawaringin Timur","kabupaten kotawaringin timur","245.44","0.03","0.97","0.82","","Tidak Ada","matched","53","15","15","30","42","100","83.35","High","0.40 food share + 0.25 dry combustible deficit + 0.25 unmanaged waste + 0.10 leaked-to-environment; draft screening index"
"Indonesia","2025","Kalimantan Tengah","Kabupaten Kapuas","kabupaten kapuas","215.09","0.12","0.88","0.88","","Tidak Ada","matched","30.38","13.06","20.79","33.85","48.69","100","58.05","Medium","0.40 food share + 0.25 dry combustible deficit + 0.25 unmanaged waste + 0.10 leaked-to-environment; draft screening index"
"Indonesia","2025","Kalimantan Tengah","Kabupaten Barito Selatan","kabupaten barito selatan","68.43","0.02","0.98","0.73","","Tidak Ada","matched","49","8","30","38","46","100","72.35","High","0.40 food share + 0.25 dry combustible deficit + 0.25 unmanaged waste + 0.10 leaked-to-environment; draft screening index"
"Indonesia","2025","Kalimantan Tengah","Kabupaten Barito Utara","kabupaten barito utara","65.3","0.02","0.98","0.38","","Tidak Ada","unmatched","","","","","","","80.86","High","0.40 food share + 0.25 dry combustible deficit + 0.25 unmanaged waste + 0.10 leaked-to-environment; draft screening index"
"Indonesia","2025","Kalimantan Tengah","Kabupaten Sukamara","kabupaten sukamara","26.89","0.7","0.3","0.3","","Tidak Ada","matched","","","","0","0","0","59.17","Medium","0.40 food share + 0.25 dry combustible deficit + 0.25 unmanaged waste + 0.10 leaked-to-environment; draft screening index"
"Indonesia","2025","Kalimantan Tengah","Kabupaten Lamandau","kabupaten lamandau","42.84","0.01","0.99","0.71","","Tidak Ada","unmatched","","","","","","","91","High","0.40 food share + 0.25 dry combustible deficit + 0.25 unmanaged waste + 0.10 leaked-to-environment; draft screening index"
"Indonesia","2025","Kalimantan Tengah","Kabupaten Seruyan","kabupaten seruyan","87.16","0","1","0.86","","Tidak Ada","matched","","","","0","0","0","97.67","High","0.40 food share + 0.25 dry combustible deficit + 0.25 unmanaged waste + 0.10 leaked-to-environment; draft screening index"
"Indonesia","2025","Kalimantan Tengah","Kabupaten Katingan","kabupaten katingan","67.73","0.01","0.99","0.82","","Tidak Ada","matched","56.98","13.17","14.34","27.51","34.76","99.99","87.45","High","0.40 food share + 0.25 dry combustible deficit + 0.25 unmanaged waste + 0.10 leaked-to-environment; draft screening index"
"Indonesia","2025","Kalimantan Tengah","Kabupaten Pulang Pisau","kabupaten pulang pisau","72.28","0.01","0.99","0.93","","Tidak Ada","matched","23.51","13.31","25.13","38.44","68.42","100","51.55","Medium","0.40 food share + 0.25 dry combustible deficit + 0.25 unmanaged waste + 0.10 leaked-to-environment; draft screening index"
"Indonesia","2025","Kalimantan Tengah","Kabupaten Gunung Mas","kabupaten gunung mas","67.24","0","1","0.85","","Tidak Ada","unmatched","","","","","","","95.71","High","0.40 food share + 0.25 dry combustible deficit + 0.25 unmanaged waste + 0.10 leaked-to-environment; draft screening index"
"Indonesia","2025","Kalimantan Tengah","Kabupaten Barito Timur","kabupaten barito timur","73.07","0.02","0.98","0.8","","Tidak Ada","matched","32","7","37","44","64.5","100","52.85","Medium","0.40 food share + 0.25 dry combustible deficit + 0.25 unmanaged waste + 0.10 leaked-to-environment; draft screening index"
"Indonesia","2025","Kalimantan Tengah","Kabupaten Murung Raya","kabupaten murung raya","62.15","0.21","0.79","0.79","","Tidak Ada","matched","40","5","31","36","47.5","100","61.95","Medium","0.40 food share + 0.25 dry combustible deficit + 0.25 unmanaged waste + 0.10 leaked-to-environment; draft screening index"
"Indonesia","2025","Kalimantan Tengah","Kota Palangka Raya","kota palangka raya","162.3","0.75","0.25","0.25","","Tidak Ada","unmatched","","","","","","","25","Low","0.40 food share + 0.25 dry combustible deficit + 0.25 unmanaged waste + 0.10 leaked-to-environment; draft screening index"
"Indonesia","2025","Kalimantan Timur","Kabupaten Paser","kabupaten paser","128.23","0.73","0.27","0.27","Penjajakan","Tidak Ada","matched","45.9","8.28","17.02","25.3","36.58","100","57.95","Medium","0.40 food share + 0.25 dry combustible deficit + 0.25 unmanaged waste + 0.10 leaked-to-environment; draft screening index"
"Indonesia","2025","Kalimantan Timur","Kabupaten Kutai Barat","kabupaten kutai barat","93.29","0.02","0.98","0.64","","Tidak Ada","matched","39.26","11.14","19.69","30.83","48.26","100","68.65","Medium","0.40 food share + 0.25 dry combustible deficit + 0.25 unmanaged waste + 0.10 leaked-to-environment; draft screening index"
"Indonesia","2025","Kalimantan Timur","Kabupaten Kutai Kartanegara","kabupaten kutai kartanegara","372.77","0.07","0.93","0.28","","Tidak Ada","matched","34.58","13.89","16.81","30.7","56.93","100","60.05","Medium","0.40 food share + 0.25 dry combustible deficit + 0.25 unmanaged waste + 0.10 leaked-to-environment; draft screening index"
"Indonesia","2025","Kalimantan Timur","Kabupaten Kutai Timur","kabupaten kutai timur","224.43","0.02","0.98","0.49","","Tidak Ada","matched","41.05","11.15","21.06","32.21","53.94","100","67.75","Medium","0.40 food share + 0.25 dry combustible deficit + 0.25 unmanaged waste + 0.10 leaked-to-environment; draft screening index"
"Indonesia","2025","Kalimantan Timur","Kabupaten Berau","kabupaten berau","149.5","0.11","0.89","0.33","","Tidak Ada","matched","55.39","3.74","26.47","30.21","31.89","100","77.8","High","0.40 food share + 0.25 dry combustible deficit + 0.25 unmanaged waste + 0.10 leaked-to-environment; draft screening index"
"Indonesia","2025","Kalimantan Timur","Kabupaten Penajam Paser Utara","kabupaten penajam paser utara","101.03","0.7","0.3","0.3","","Tidak Ada","matched","46.13","20.87","29.83","50.7","52.48","100","42.5","Low","0.40 food share + 0.25 dry combustible deficit + 0.25 unmanaged waste + 0.10 leaked-to-environment; draft screening index"
"Indonesia","2025","Kalimantan Timur","Kabupaten Mahakam Hulu","kabupaten mahakam hulu","18.87","0","1","1","","Tidak Ada","unmatched","","","","","","","100","High","0.40 food share + 0.25 dry combustible deficit + 0.25 unmanaged waste + 0.10 leaked-to-environment; draft screening index"
"Indonesia","2025","Kalimantan Timur","Kota Balikpapan","kota balikpapan","540.69","0.99","0.01","0.01","","Tidak Ada","matched","42.3","10.26","7.2","17.46","27.74","100","52.15","Medium","0.40 food share + 0.25 dry combustible deficit + 0.25 unmanaged waste + 0.10 leaked-to-environment; draft screening index"
"Indonesia","2025","Kalimantan Timur","Kota Samarinda","kota samarinda","607.95","0","1","0.01","","Tidak Ada","matched","52.88","11.41","12.94","24.35","34.13","100","80.35","High","0.40 food share + 0.25 dry combustible deficit + 0.25 unmanaged waste + 0.10 leaked-to-environment; draft screening index"
"Indonesia","2025","Kalimantan Timur","Kota Bontang","kota bontang","107.41","0.99","0.01","0.01","","Tidak Ada","matched","44.12","27.5","18","45.5","51.78","100","30.75","Low","0.40 food share + 0.25 dry combustible deficit + 0.25 unmanaged waste + 0.10 leaked-to-environment; draft screening index"
"Indonesia","2025","Kalimantan Utara","Kabupaten Malinau","kabupaten malinau","34.03","0.01","0.99","0.3","","Tidak Ada","unmatched","","","","","","","79.29","High","0.40 food share + 0.25 dry combustible deficit + 0.25 unmanaged waste + 0.10 leaked-to-environment; draft screening index"
"Indonesia","2025","Kalimantan Utara","Kabupaten Bulungan","kabupaten bulungan","87.55","0.52","0.48","0.48","","Tidak Ada","matched","","","","0","0","0","69.67","Medium","0.40 food share + 0.25 dry combustible deficit + 0.25 unmanaged waste + 0.10 leaked-to-environment; draft screening index"
"Indonesia","2025","Kalimantan Utara","Kabupaten Tana Tidung","kabupaten tana tidung","12.01","0.69","0.31","0.31","","Tidak Ada","matched","","","","0","0","0","59.75","Medium","0.40 food share + 0.25 dry combustible deficit + 0.25 unmanaged waste + 0.10 leaked-to-environment; draft screening index"
"Indonesia","2025","Kalimantan Utara","Kabupaten Nunukan","kabupaten nunukan","45.76","0.38","0.62","0.62","","Tidak Ada","matched","52.38","11.81","12.57","24.38","31.46","100","76.55","High","0.40 food share + 0.25 dry combustible deficit + 0.25 unmanaged waste + 0.10 leaked-to-environment; draft screening index"
"Indonesia","2025","Kalimantan Utara","Kota Tarakan","kota tarakan","178.72","0.18","0.82","0.71","","Tidak Ada","unmatched","","","","","","","78.86","High","0.40 food share + 0.25 dry combustible deficit + 0.25 unmanaged waste + 0.10 leaked-to-environment; draft screening index"
"Indonesia","2025","Kepulauan Bangka Belitung","Kabupaten Bangka","kabupaten bangka","139.14","0.07","0.93","0.41","","Tidak Ada","unmatched","","","","","","","78.14","High","0.40 food share + 0.25 dry combustible deficit + 0.25 unmanaged waste + 0.10 leaked-to-environment; draft screening index"
"Indonesia","2025","Kepulauan Bangka Belitung","Kabupaten Belitung","kabupaten belitung","98.81","0.01","0.99","0.49","","Tidak Ada","unmatched","","","","","","","84.71","High","0.40 food share + 0.25 dry combustible deficit + 0.25 unmanaged waste + 0.10 leaked-to-environment; draft screening index"
"Indonesia","2025","Kepulauan Bangka Belitung","Kabupaten Bangka Barat","kabupaten bangka barat","85.27","0.01","0.99","0.75","","Tidak Ada","matched","41","19","15.4","34.4","44.2","100","68.6","Medium","0.40 food share + 0.25 dry combustible deficit + 0.25 unmanaged waste + 0.10 leaked-to-environment; draft screening index"
"Indonesia","2025","Kepulauan Bangka Belitung","Kabupaten Bangka Tengah","kabupaten bangka tengah","116.04","0.19","0.81","0.26","","Tidak Ada","matched","","","","0","0","0","79.75","High","0.40 food share + 0.25 dry combustible deficit + 0.25 unmanaged waste + 0.10 leaked-to-environment; draft screening index"
"Indonesia","2025","Kepulauan Bangka Belitung","Kabupaten Bangka Selatan","kabupaten bangka selatan","86.43","0.66","0.34","0.34","","Tidak Ada","unmatched","","","","","","","34","Low","0.40 food share + 0.25 dry combustible deficit + 0.25 unmanaged waste + 0.10 leaked-to-environment; draft screening index"
"Indonesia","2025","Kepulauan Bangka Belitung","Kabupaten Belitung Timur","kabupaten belitung timur","52.85","0.01","0.99","0.45","","Tidak Ada","matched","57","5","17","22","26","100","88.5","High","0.40 food share + 0.25 dry combustible deficit + 0.25 unmanaged waste + 0.10 leaked-to-environment; draft screening index"
"Indonesia","2025","Kepulauan Bangka Belitung","Kota Pangkal Pinang","kota pangkal pinang","106.32","0.05","0.95","0.02","","Tidak Ada","unmatched","","","","","","","68.43","Medium","0.40 food share + 0.25 dry combustible deficit + 0.25 unmanaged waste + 0.10 leaked-to-environment; draft screening index"
"Indonesia","2025","Kepulauan Riau","Kabupaten Karimun","kabupaten karimun","254.34","0.1","0.9","0.58","","Tidak Ada","unmatched","","","","","","","80.86","High","0.40 food share + 0.25 dry combustible deficit + 0.25 unmanaged waste + 0.10 leaked-to-environment; draft screening index"
"Indonesia","2025","Kepulauan Riau","Kabupaten Bintan","kabupaten bintan","59.53","0.83","0.17","0.17","","Tidak Ada","matched","45.88","9.45","15.35","24.8","38.29","100","54.7","Medium","0.40 food share + 0.25 dry combustible deficit + 0.25 unmanaged waste + 0.10 leaked-to-environment; draft screening index"
"Indonesia","2025","Kepulauan Riau","Kabupaten Natuna","kabupaten natuna","33.3","0","1","1","","Tidak Ada","unmatched","","","","","","","100","High","0.40 food share + 0.25 dry combustible deficit + 0.25 unmanaged waste + 0.10 leaked-to-environment; draft screening index"
"Indonesia","2025","Kepulauan Riau","Kabupaten Lingga","kabupaten lingga","50.96","0.39","0.61","0.5","","Tidak Ada","matched","34.3","15","20","35","59.5","100","50.1","Medium","0.40 food share + 0.25 dry combustible deficit + 0.25 unmanaged waste + 0.10 leaked-to-environment; draft screening index"
"Indonesia","2025","Kepulauan Riau","Kabupaten Kepulauan Anambas","kabupaten kepulauan anambas","15.11","0.14","0.86","0.86","","Tidak Ada","unmatched","","","","","","","86","High","0.40 food share + 0.25 dry combustible deficit + 0.25 unmanaged waste + 0.10 leaked-to-environment; draft screening index"
"Indonesia","2025","Kepulauan Riau","Kota Batam","kota batam","1161","0.05","0.95","0.39","","Tidak Ada","unmatched","","","","","","","79","High","0.40 food share + 0.25 dry combustible deficit + 0.25 unmanaged waste + 0.10 leaked-to-environment; draft screening index"
"Indonesia","2025","Kepulauan Riau","Kota Tanjung Pinang","kota tanjung pinang","155.97","0.29","0.71","0.11","","Tidak Ada","matched","59.05","9.72","28.11","37.83","39.2","100","64.85","Medium","0.40 food share + 0.25 dry combustible deficit + 0.25 unmanaged waste + 0.10 leaked-to-environment; draft screening index"
"Indonesia","2025","Lampung","Kabupaten Lampung Barat","kabupaten lampung barat","126.36","0.28","0.72","0.72","","Tidak Ada","matched","","","","0","0","0","83.67","High","0.40 food share + 0.25 dry combustible deficit + 0.25 unmanaged waste + 0.10 leaked-to-environment; draft screening index"
"Indonesia","2025","Lampung","Kabupaten Tanggamus","kabupaten tanggamus","373.71","0.12","0.88","0.88","","Tidak Ada","matched","31","13","21","34","61","100","58.85","Medium","0.40 food share + 0.25 dry combustible deficit + 0.25 unmanaged waste + 0.10 leaked-to-environment; draft screening index"
"Indonesia","2025","Lampung","Kabupaten Lampung Selatan","kabupaten lampung selatan","787.28","0.91","0.09","0.09","","Dalam Perencanaan","matched","65","11","14","25","28","100","59.9","Medium","0.40 food share + 0.25 dry combustible deficit + 0.25 unmanaged waste + 0.10 leaked-to-environment; draft screening index"
"Indonesia","2025","Lampung","Kabupaten Lampung Timur","kabupaten lampung timur","571.29","0.05","0.95","0.95","","Dalam Perencanaan","unmatched","","","","","","","95","High","0.40 food share + 0.25 dry combustible deficit + 0.25 unmanaged waste + 0.10 leaked-to-environment; draft screening index"
"Indonesia","2025","Lampung","Kabupaten Lampung Tengah","kabupaten lampung tengah","693.64","0.1","0.9","0.22","","Tidak Ada","unmatched","","","","","","","70.57","High","0.40 food share + 0.25 dry combustible deficit + 0.25 unmanaged waste + 0.10 leaked-to-environment; draft screening index"
"Indonesia","2025","Lampung","Kabupaten Lampung Utara","kabupaten lampung utara","266.68","0.08","0.92","0.54","","Tidak Ada","matched","","","","0","0","0","89","High","0.40 food share + 0.25 dry combustible deficit + 0.25 unmanaged waste + 0.10 leaked-to-environment; draft screening index"
"Indonesia","2025","Lampung","Kabupaten Way Kanan","kabupaten way kanan","198.02","0.12","0.88","0.88","","Tidak Ada","unmatched","","","","","","","88","High","0.40 food share + 0.25 dry combustible deficit + 0.25 unmanaged waste + 0.10 leaked-to-environment; draft screening index"
"Indonesia","2025","Lampung","Kabupaten Tulang Bawang","kabupaten tulang bawang","180.12","0.1","0.9","0.9","","Tidak Ada","matched","70","5","6","11","24","100","96.5","High","0.40 food share + 0.25 dry combustible deficit + 0.25 unmanaged waste + 0.10 leaked-to-environment; draft screening index"
"Indonesia","2025","Lampung","Kabupaten Pesawaran","kabupaten pesawaran","197.67","0.07","0.93","0.77","","Tidak Ada","matched","","","","0","0","0","93.25","High","0.40 food share + 0.25 dry combustible deficit + 0.25 unmanaged waste + 0.10 leaked-to-environment; draft screening index"
"Indonesia","2025","Lampung","Kabupaten Pringsewu","kabupaten pringsewu","174.89","0.08","0.92","0.67","","Tidak Ada","matched","50","5","20","25","42","100","82.05","High","0.40 food share + 0.25 dry combustible deficit + 0.25 unmanaged waste + 0.10 leaked-to-environment; draft screening index"
"Indonesia","2025","Lampung","Kabupaten Mesuji","kabupaten mesuji","97.58","0.01","0.99","0.96","","Tidak Ada","matched","40","20","20","40","55","100","65.4","Medium","0.40 food share + 0.25 dry combustible deficit + 0.25 unmanaged waste + 0.10 leaked-to-environment; draft screening index"
"Indonesia","2025","Lampung","Kabupaten Tulang Bawang Barat","kabupaten tulang bawang barat","118.19","0.03","0.97","0.71","","Tidak Ada","unmatched","","","","","","","89.57","High","0.40 food share + 0.25 dry combustible deficit + 0.25 unmanaged waste + 0.10 leaked-to-environment; draft screening index"
"Indonesia","2025","Lampung","Kabupaten Pesisir Barat","kabupaten pesisir barat","69.45","0","1","0.91","","Tidak Ada","matched","42.5","9.5","21.1","30.6","52.7","100","74.9","High","0.40 food share + 0.25 dry combustible deficit + 0.25 unmanaged waste + 0.10 leaked-to-environment; draft screening index"
"Indonesia","2025","Lampung","Kota Bandar Lampung","kota bandar lampung","700.48","0.07","0.93","0","Penjajakan","Dalam Perencanaan","matched","15.8","3","2.6","5.6","30.1","100","53.45","Medium","0.40 food share + 0.25 dry combustible deficit + 0.25 unmanaged waste + 0.10 leaked-to-environment; draft screening index"
"Indonesia","2025","Lampung","Kota Metro","kota metro","111.77","0.12","0.88","0.16","","Tidak Ada","unmatched","","","","","","","67.43","Medium","0.40 food share + 0.25 dry combustible deficit + 0.25 unmanaged waste + 0.10 leaked-to-environment; draft screening index"
"Indonesia","2025","Maluku","Kabupaten Tanimbar","kabupaten tanimbar","65.17","0","1","0.71","","Tidak Ada","unmatched","","","","","","","91.71","High","0.40 food share + 0.25 dry combustible deficit + 0.25 unmanaged waste + 0.10 leaked-to-environment; draft screening index"
"Indonesia","2025","Maluku","Kabupaten Maluku Tenggara","kabupaten maluku tenggara","64.62","0.01","0.99","0.53","","Tidak Ada","unmatched","","","","","","","85.86","High","0.40 food share + 0.25 dry combustible deficit + 0.25 unmanaged waste + 0.10 leaked-to-environment; draft screening index"
"Indonesia","2025","Maluku","Kabupaten Maluku Tengah","kabupaten maluku tengah","216.18","0","1","0.83","","Tidak Ada","unmatched","","","","","","","95.14","High","0.40 food share + 0.25 dry combustible deficit + 0.25 unmanaged waste + 0.10 leaked-to-environment; draft screening index"
"Indonesia","2025","Maluku","Kabupaten Buru","kabupaten buru","70.7","0.08","0.92","0.75","","Tidak Ada","matched","30","10","41","51","68","100","48.1","Medium","0.40 food share + 0.25 dry combustible deficit + 0.25 unmanaged waste + 0.10 leaked-to-environment; draft screening index"
"Indonesia","2025","Maluku","Kabupaten Kepulauan Aru","kabupaten kepulauan aru","56.27","0.02","0.98","0.78","","Tidak Ada","unmatched","","","","","","","92.29","High","0.40 food share + 0.25 dry combustible deficit + 0.25 unmanaged waste + 0.10 leaked-to-environment; draft screening index"
"Indonesia","2025","Maluku","Kabupaten Seram Bagian Barat","kabupaten seram bagian barat","108.73","0.01","0.99","0.86","","Tidak Ada","unmatched","","","","","","","95.29","High","0.40 food share + 0.25 dry combustible deficit + 0.25 unmanaged waste + 0.10 leaked-to-environment; draft screening index"
"Indonesia","2025","Maluku","Kabupaten Seram Bagian Timur","kabupaten seram bagian timur","70.49","0","1","0.88","","Tidak Ada","unmatched","","","","","","","96.57","High","0.40 food share + 0.25 dry combustible deficit + 0.25 unmanaged waste + 0.10 leaked-to-environment; draft screening index"
"Indonesia","2025","Maluku","Kabupaten Maluku Barat Daya","kabupaten maluku barat daya","38.3","0","1","1","","Tidak Ada","matched","13.49","15.68","20.11","35.79","67.81","100","45.95","Medium","0.40 food share + 0.25 dry combustible deficit + 0.25 unmanaged waste + 0.10 leaked-to-environment; draft screening index"
"Indonesia","2025","Maluku","Kabupaten Buru Selatan","kabupaten buru selatan","32.53","0","1","0.03","","Tidak Ada","unmatched","","","","","","","72.29","High","0.40 food share + 0.25 dry combustible deficit + 0.25 unmanaged waste + 0.10 leaked-to-environment; draft screening index"
"Indonesia","2025","Maluku","Kota Ambon","kota ambon","247.84","0.04","0.96","0.17","","Tidak Ada","matched","40","12","20","32","49","100","63.25","Medium","0.40 food share + 0.25 dry combustible deficit + 0.25 unmanaged waste + 0.10 leaked-to-environment; draft screening index"
"Indonesia","2025","Maluku","Kota Tual","kota tual","36.51","0","1","0.65","","Tidak Ada","unmatched","","","","","","","90","High","0.40 food share + 0.25 dry combustible deficit + 0.25 unmanaged waste + 0.10 leaked-to-environment; draft screening index"
"Indonesia","2025","Maluku Utara","Kabupaten Halmahera Barat","kabupaten halmahera barat","69.88","0.01","0.99","0.83","","Tidak Ada","unmatched","","","","","","","94.43","High","0.40 food share + 0.25 dry combustible deficit + 0.25 unmanaged waste + 0.10 leaked-to-environment; draft screening index"
"Indonesia","2025","Maluku Utara","Kabupaten Halmahera Tengah","kabupaten halmahera tengah","53.25","0.05","0.95","0.55","","Tidak Ada","matched","","","","0","0","0","90.42","High","0.40 food share + 0.25 dry combustible deficit + 0.25 unmanaged waste + 0.10 leaked-to-environment; draft screening index"
"Indonesia","2025","Maluku Utara","Kabupaten Kepulauan Sula","kabupaten kepulauan sula","52.55","0","1","0.77","","Tidak Ada","unmatched","","","","","","","93.43","High","0.40 food share + 0.25 dry combustible deficit + 0.25 unmanaged waste + 0.10 leaked-to-environment; draft screening index"
"Indonesia","2025","Maluku Utara","Kabupaten Halmahera Selatan","kabupaten halmahera selatan","129.28","0.01","0.99","0.87","","Tidak Ada","matched","","","","0","0","0","97.42","High","0.40 food share + 0.25 dry combustible deficit + 0.25 unmanaged waste + 0.10 leaked-to-environment; draft screening index"
"Indonesia","2025","Maluku Utara","Kabupaten Halmahera Utara","kabupaten halmahera utara","103.12","0.14","0.86","0.55","","Tidak Ada","matched","46.62","16.11","14.43","30.54","49.85","100","71.4","High","0.40 food share + 0.25 dry combustible deficit + 0.25 unmanaged waste + 0.10 leaked-to-environment; draft screening index"
"Indonesia","2025","Maluku Utara","Kabupaten Halmahera Timur","kabupaten halmahera timur","50.24","0.05","0.95","0.81","","Tidak Ada","matched","43.57","7.57","13.03","20.6","45.98","100","82.1","High","0.40 food share + 0.25 dry combustible deficit + 0.25 unmanaged waste + 0.10 leaked-to-environment; draft screening index"
"Indonesia","2025","Maluku Utara","Kabupaten Pulau Morotai","kabupaten pulau morotai","33.17","0.03","0.97","0.58","","Tidak Ada","matched","37","6","10","16","51","91","78.3","High","0.40 food share + 0.25 dry combustible deficit + 0.25 unmanaged waste + 0.10 leaked-to-environment; draft screening index"
"Indonesia","2025","Maluku Utara","Kabupaten Pulau Taliabu","kabupaten pulau taliabu","33.18","0","1","0.75","","Tidak Ada","unmatched","","","","","","","92.86","High","0.40 food share + 0.25 dry combustible deficit + 0.25 unmanaged waste + 0.10 leaked-to-environment; draft screening index"
"Indonesia","2025","Maluku Utara","Kota Ternate","kota ternate","105.42","0.06","0.94","0.09","","Tidak Ada","unmatched","","","","","","","69.71","Medium","0.40 food share + 0.25 dry combustible deficit + 0.25 unmanaged waste + 0.10 leaked-to-environment; draft screening index"
"Indonesia","2025","Maluku Utara","Kota Tidore Kepulauan","kota tidore kepulauan","60.98","0.52","0.48","0.32","","Tidak Ada","unmatched","","","","","","","43.43","Low","0.40 food share + 0.25 dry combustible deficit + 0.25 unmanaged waste + 0.10 leaked-to-environment; draft screening index"
"Indonesia","2025","Nusa Tenggara Barat","Kabupaten Lombok Barat","kabupaten lombok barat","305.1","0.29","0.71","0.71","","Tidak Ada","matched","25.5","11.5","14.5","26","61.5","100","54.2","Medium","0.40 food share + 0.25 dry combustible deficit + 0.25 unmanaged waste + 0.10 leaked-to-environment; draft screening index"
"Indonesia","2025","Nusa Tenggara Barat","Kabupaten Lombok Tengah","kabupaten lombok tengah","451.49","0.39","0.61","0.58","","Tidak Ada","unmatched","","","","","","","60.14","Medium","0.40 food share + 0.25 dry combustible deficit + 0.25 unmanaged waste + 0.10 leaked-to-environment; draft screening index"
"Indonesia","2025","Nusa Tenggara Barat","Kabupaten Lombok Timur","kabupaten lombok timur","583.04","0.25","0.75","0.75","","Tidak Ada","unmatched","","","","","","","75","High","0.40 food share + 0.25 dry combustible deficit + 0.25 unmanaged waste + 0.10 leaked-to-environment; draft screening index"
"Indonesia","2025","Nusa Tenggara Barat","Kabupaten Sumbawa","kabupaten sumbawa","290.05","0.03","0.97","0.97","","Tidak Ada","unmatched","","","","","","","97","High","0.40 food share + 0.25 dry combustible deficit + 0.25 unmanaged waste + 0.10 leaked-to-environment; draft screening index"
"Indonesia","2025","Nusa Tenggara Barat","Kabupaten Dompu","kabupaten dompu","112.92","0.01","0.99","0.44","","Tidak Ada","unmatched","","","","","","","83.29","High","0.40 food share + 0.25 dry combustible deficit + 0.25 unmanaged waste + 0.10 leaked-to-environment; draft screening index"
"Indonesia","2025","Nusa Tenggara Barat","Kabupaten Bima","kabupaten bima","244.61","0.01","0.99","0.68","","Tidak Ada","unmatched","","","","","","","90.14","High","0.40 food share + 0.25 dry combustible deficit + 0.25 unmanaged waste + 0.10 leaked-to-environment; draft screening index"
"Indonesia","2025","Nusa Tenggara Barat","Kabupaten Sumbawa Barat","kabupaten sumbawa barat","64.13","0.12","0.88","0.29","","Tidak Ada","matched","14","10","40","50","83","100","28.5","Low","0.40 food share + 0.25 dry combustible deficit + 0.25 unmanaged waste + 0.10 leaked-to-environment; draft screening index"
"Indonesia","2025","Nusa Tenggara Barat","Kabupaten Lombok Utara","kabupaten lombok utara","104.62","0.13","0.87","0.29","","Tidak Ada","unmatched","","","","","","","70.43","High","0.40 food share + 0.25 dry combustible deficit + 0.25 unmanaged waste + 0.10 leaked-to-environment; draft screening index"
"Indonesia","2025","Nusa Tenggara Barat","Kota Mataram","kota mataram","304.88","0.93","0.07","0.07","","Tidak Ada","unmatched","","","","","","","7","Low","0.40 food share + 0.25 dry combustible deficit + 0.25 unmanaged waste + 0.10 leaked-to-environment; draft screening index"
"Indonesia","2025","Nusa Tenggara Barat","Kota Bima","kota bima","82.56","0.15","0.85","0.85","","Tidak Ada","unmatched","","","","","","","85","High","0.40 food share + 0.25 dry combustible deficit + 0.25 unmanaged waste + 0.10 leaked-to-environment; draft screening index"
"Indonesia","2025","Nusa Tenggara Timur","Kabupaten Sumba Barat","kabupaten sumba barat","77.51","0.16","0.84","0.58","","Tidak Ada","matched","10.09","20.15","30.73","50.88","73.76","100","26.8","Low","0.40 food share + 0.25 dry combustible deficit + 0.25 unmanaged waste + 0.10 leaked-to-environment; draft screening index"
"Indonesia","2025","Nusa Tenggara Timur","Kabupaten Sumba Timur","kabupaten sumba timur","110.92","0.22","0.78","0.65","","Tidak Ada","matched","19","32","27","59","78","100","34","Low","0.40 food share + 0.25 dry combustible deficit + 0.25 unmanaged waste + 0.10 leaked-to-environment; draft screening index"
"Indonesia","2025","Nusa Tenggara Timur","Kabupaten Kupang","kabupaten kupang","156.08","0.52","0.48","0.48","","Tidak Ada","matched","44","6","12","18","48","100","69.7","Medium","0.40 food share + 0.25 dry combustible deficit + 0.25 unmanaged waste + 0.10 leaked-to-environment; draft screening index"
"Indonesia","2025","Nusa Tenggara Timur","Kabupaten Timor Tengah Selatan","kabupaten timor tengah selatan","196.26","0.53","0.47","0.36","","Tidak Ada","unmatched","","","","","","","43.86","Low","0.40 food share + 0.25 dry combustible deficit + 0.25 unmanaged waste + 0.10 leaked-to-environment; draft screening index"
"Indonesia","2025","Nusa Tenggara Timur","Kabupaten Timor Tengah Utara","kabupaten timor tengah utara","106.37","0.49","0.51","0.51","","Tidak Ada","matched","41","12.2","17","29.2","47.8","100","58.7","Medium","0.40 food share + 0.25 dry combustible deficit + 0.25 unmanaged waste + 0.10 leaked-to-environment; draft screening index"
"Indonesia","2025","Nusa Tenggara Timur","Kabupaten Belu","kabupaten belu","93.49","0.32","0.68","0.17","","Tidak Ada","matched","18.75","10.74","21.09","31.83","58.99","100","37.3","Low","0.40 food share + 0.25 dry combustible deficit + 0.25 unmanaged waste + 0.10 leaked-to-environment; draft screening index"
"Indonesia","2025","Nusa Tenggara Timur","Kabupaten Alor","kabupaten alor","93.37","0.25","0.75","0.63","","Tidak Ada","matched","11","22","32","54","84","100","25.85","Low","0.40 food share + 0.25 dry combustible deficit + 0.25 unmanaged waste + 0.10 leaked-to-environment; draft screening index"
"Indonesia","2025","Nusa Tenggara Timur","Kabupaten Lembata","kabupaten lembata","60.63","0.4","0.6","0.6","","Tidak Ada","matched","38","10","20","30","51","100","58.3","Medium","0.40 food share + 0.25 dry combustible deficit + 0.25 unmanaged waste + 0.10 leaked-to-environment; draft screening index"
"Indonesia","2025","Nusa Tenggara Timur","Kabupaten Flores Timur","kabupaten flores timur","117.01","0.37","0.63","0.48","","Tidak Ada","matched","26.43","5.58","23.6","29.18","70.22","100","48.6","Medium","0.40 food share + 0.25 dry combustible deficit + 0.25 unmanaged waste + 0.10 leaked-to-environment; draft screening index"
"Indonesia","2025","Nusa Tenggara Timur","Kabupaten Sikka","kabupaten sikka","139.41","0.23","0.77","0.64","","Tidak Ada","matched","40","5","20","25","47","100","69.2","Medium","0.40 food share + 0.25 dry combustible deficit + 0.25 unmanaged waste + 0.10 leaked-to-environment; draft screening index"
"Indonesia","2025","Nusa Tenggara Timur","Kabupaten Ende","kabupaten ende","113.52","0.43","0.57","0.23","","Tidak Ada","matched","32","10","14","24","49.5","100","53.65","Medium","0.40 food share + 0.25 dry combustible deficit + 0.25 unmanaged waste + 0.10 leaked-to-environment; draft screening index"
"Indonesia","2025","Nusa Tenggara Timur","Kabupaten Ngada","kabupaten ngada","69.64","0.68","0.32","0.32","","Tidak Ada","matched","10","20","25","45","70","100","11.2","Low","0.40 food share + 0.25 dry combustible deficit + 0.25 unmanaged waste + 0.10 leaked-to-environment; draft screening index"
"Indonesia","2025","Nusa Tenggara Timur","Kabupaten Manggarai","kabupaten manggarai","136.06","0.31","0.69","0.61","","Tidak Ada","matched","25.5","11.4","33.1","44.5","71.65","100","37.45","Low","0.40 food share + 0.25 dry combustible deficit + 0.25 unmanaged waste + 0.10 leaked-to-environment; draft screening index"
"Indonesia","2025","Nusa Tenggara Timur","Kabupaten Rote Ndao","kabupaten rote ndao","60.21","0.3","0.7","0.7","","Tidak Ada","matched","","","","0","0","0","82.5","High","0.40 food share + 0.25 dry combustible deficit + 0.25 unmanaged waste + 0.10 leaked-to-environment; draft screening index"
"Indonesia","2025","Nusa Tenggara Timur","Kabupaten Manggarai Barat","kabupaten manggarai barat","117.85","0.42","0.58","0.41","","Tidak Ada","matched","35","10","29","39","56","100","46","Medium","0.40 food share + 0.25 dry combustible deficit + 0.25 unmanaged waste + 0.10 leaked-to-environment; draft screening index"
"Indonesia","2025","Nusa Tenggara Timur","Kabupaten Sumba Tengah","kabupaten sumba tengah","36.94","0.39","0.61","0.61","","Tidak Ada","matched","33","11","19","30","59","100","54.25","Medium","0.40 food share + 0.25 dry combustible deficit + 0.25 unmanaged waste + 0.10 leaked-to-environment; draft screening index"
"Indonesia","2025","Nusa Tenggara Timur","Kabupaten Sumba Barat Daya","kabupaten sumba barat daya","128.83","0.32","0.68","0.5","","Tidak Ada","matched","25","5","20","25","57","100","51.95","Medium","0.40 food share + 0.25 dry combustible deficit + 0.25 unmanaged waste + 0.10 leaked-to-environment; draft screening index"
"Indonesia","2025","Nusa Tenggara Timur","Kabupaten Nagekeo","kabupaten nagekeo","66.09","0.59","0.41","0.41","","Tidak Ada","matched","42","5","15","20","52","100","63.5","Medium","0.40 food share + 0.25 dry combustible deficit + 0.25 unmanaged waste + 0.10 leaked-to-environment; draft screening index"
"Indonesia","2025","Nusa Tenggara Timur","Kabupaten Manggarai Timur","kabupaten manggarai timur","117.58","0.6","0.4","0.4","","Tidak Ada","matched","35","15","15","30","65","100","48.9","Medium","0.40 food share + 0.25 dry combustible deficit + 0.25 unmanaged waste + 0.10 leaked-to-environment; draft screening index"
"Indonesia","2025","Nusa Tenggara Timur","Kabupaten Sabu Raijua","kabupaten sabu raijua","28.44","0.21","0.79","0.79","","Tidak Ada","matched","14","22","25","47","73","100","31.25","Low","0.40 food share + 0.25 dry combustible deficit + 0.25 unmanaged waste + 0.10 leaked-to-environment; draft screening index"
"Indonesia","2025","Nusa Tenggara Timur","Kabupaten Malaka","kabupaten malaka","77.4","0.32","0.68","0.6","","Tidak Ada","matched","31","10.19","12.95","23.14","59.7","100","60.05","Medium","0.40 food share + 0.25 dry combustible deficit + 0.25 unmanaged waste + 0.10 leaked-to-environment; draft screening index"
"Indonesia","2025","Nusa Tenggara Timur","Kota Kupang","kota kupang","237.4","0.13","0.87","0.2","","Tidak Ada","matched","29","13","19.5","32.5","55.3","100","51.05","Medium","0.40 food share + 0.25 dry combustible deficit + 0.25 unmanaged waste + 0.10 leaked-to-environment; draft screening index"
"Indonesia","2025","Papua","Kabupaten Jayapura","kabupaten jayapura","101.89","0.05","0.95","0.35","","Tidak Ada","unmatched","","","","","","","77.86","High","0.40 food share + 0.25 dry combustible deficit + 0.25 unmanaged waste + 0.10 leaked-to-environment; draft screening index"
"Indonesia","2025","Papua","Kabupaten Kepulauan Yapen","kabupaten kepulauan yapen","46.49","0","1","0.8","","Tidak Ada","unmatched","","","","","","","94.29","High","0.40 food share + 0.25 dry combustible deficit + 0.25 unmanaged waste + 0.10 leaked-to-environment; draft screening index"
"Indonesia","2025","Papua","Kabupaten Biak Numfor","kabupaten biak numfor","60.13","0.16","0.84","0.09","","Tidak Ada","unmatched","","","","","","","62.57","Medium","0.40 food share + 0.25 dry combustible deficit + 0.25 unmanaged waste + 0.10 leaked-to-environment; draft screening index"
"Indonesia","2025","Papua","Kabupaten Sarmi","kabupaten sarmi","17.24","0","1","1","","Tidak Ada","unmatched","","","","","","","100","High","0.40 food share + 0.25 dry combustible deficit + 0.25 unmanaged waste + 0.10 leaked-to-environment; draft screening index"
"Indonesia","2025","Papua","Kabupaten Keerom","kabupaten keerom","29.73","0","1","0.96","","Tidak Ada","matched","10","15","30","45","70","100","34.6","Low","0.40 food share + 0.25 dry combustible deficit + 0.25 unmanaged waste + 0.10 leaked-to-environment; draft screening index"
"Indonesia","2025","Papua","Kabupaten Waropen","kabupaten waropen","15.28","0","1","1","","Tidak Ada","unmatched","","","","","","","100","High","0.40 food share + 0.25 dry combustible deficit + 0.25 unmanaged waste + 0.10 leaked-to-environment; draft screening index"
"Indonesia","2025","Papua","Kabupaten Supiori","kabupaten supiori","9.81","0","1","1","","Tidak Ada","unmatched","","","","","","","100","High","0.40 food share + 0.25 dry combustible deficit + 0.25 unmanaged waste + 0.10 leaked-to-environment; draft screening index"
"Indonesia","2025","Papua","Kabupaten Mamberamo Raya","kabupaten mamberamo raya","15.76","0","1","1","","Tidak Ada","unmatched","","","","","","","100","High","0.40 food share + 0.25 dry combustible deficit + 0.25 unmanaged waste + 0.10 leaked-to-environment; draft screening index"
"Indonesia","2025","Papua","Kota Jayapura","kota jayapura","202.4","0","1","1","","Tidak Ada","matched","54","5.8","15.79","21.59","36.21","100","93.7","High","0.40 food share + 0.25 dry combustible deficit + 0.25 unmanaged waste + 0.10 leaked-to-environment; draft screening index"
"Indonesia","2025","Papua Barat","Kabupaten Manokwari","kabupaten manokwari","104.01","0","1","1","Penjajakan","Tidak Ada","matched","44","11","26","37","39","100","72.15","High","0.40 food share + 0.25 dry combustible deficit + 0.25 unmanaged waste + 0.10 leaked-to-environment; draft screening index"
"Indonesia","2025","Papua Barat","Kabupaten Fakfak","kabupaten fakfak","37.59","0","1","0.52","","Tidak Ada","unmatched","","","","","","","86.29","High","0.40 food share + 0.25 dry combustible deficit + 0.25 unmanaged waste + 0.10 leaked-to-environment; draft screening index"
"Indonesia","2025","Papua Barat","Kabupaten Teluk Bintuni","kabupaten teluk bintuni","36.43","0","1","1","","Tidak Ada","matched","52.7","2.6","44.3","46.9","46.9","100","73","High","0.40 food share + 0.25 dry combustible deficit + 0.25 unmanaged waste + 0.10 leaked-to-environment; draft screening index"
"Indonesia","2025","Papua Barat","Kabupaten Teluk Wondama","kabupaten teluk wondama","16.27","0","1","1","","Tidak Ada","unmatched","","","","","","","100","High","0.40 food share + 0.25 dry combustible deficit + 0.25 unmanaged waste + 0.10 leaked-to-environment; draft screening index"
"Indonesia","2025","Papua Barat","Kabupaten Kaimana","kabupaten kaimana","25.66","0","1","1","","Tidak Ada","unmatched","","","","","","","100","High","0.40 food share + 0.25 dry combustible deficit + 0.25 unmanaged waste + 0.10 leaked-to-environment; draft screening index"
"Indonesia","2025","Papua Barat","Kabupaten Manokwari Selatan","kabupaten manokwari selatan","15.61","0","1","0.58","","Tidak Ada","unmatched","","","","","","","88","High","0.40 food share + 0.25 dry combustible deficit + 0.25 unmanaged waste + 0.10 leaked-to-environment; draft screening index"
"Indonesia","2025","Papua Barat","Kabupaten Pegunungan Arfak","kabupaten pegunungan arfak","16.27","0","1","1","","Tidak Ada","unmatched","","","","","","","100","High","0.40 food share + 0.25 dry combustible deficit + 0.25 unmanaged waste + 0.10 leaked-to-environment; draft screening index"
"Indonesia","2025","Papua Barat Daya","Kabupaten Tambrauw","kabupaten tambrauw","16.27","0","1","1","","Tidak Ada","unmatched","","","","","","","100","High","0.40 food share + 0.25 dry combustible deficit + 0.25 unmanaged waste + 0.10 leaked-to-environment; draft screening index"
"Indonesia","2025","Papua Barat Daya","Kabupaten Maybrat","kabupaten maybrat","18.51","0","1","1","","Tidak Ada","unmatched","","","","","","","100","High","0.40 food share + 0.25 dry combustible deficit + 0.25 unmanaged waste + 0.10 leaked-to-environment; draft screening index"
"Indonesia","2025","Papua Barat Daya","Kota Sorong","kota sorong","171.62","0.17","0.83","0.07","","Tidak Ada","unmatched","","","","","","","61.29","Medium","0.40 food share + 0.25 dry combustible deficit + 0.25 unmanaged waste + 0.10 leaked-to-environment; draft screening index"
"Indonesia","2025","Papua Barat Daya","Kabupaten Sorong","kabupaten sorong","51.87","0.13","0.87","0.54","","Tidak Ada","matched","51.3","16.06","16.37","32.43","34.38","100","74.45","High","0.40 food share + 0.25 dry combustible deficit + 0.25 unmanaged waste + 0.10 leaked-to-environment; draft screening index"
"Indonesia","2025","Papua Barat Daya","Kabupaten Sorong Selatan","kabupaten sorong selatan","21.69","0","1","1","","Tidak Ada","unmatched","","","","","","","100","High","0.40 food share + 0.25 dry combustible deficit + 0.25 unmanaged waste + 0.10 leaked-to-environment; draft screening index"
"Indonesia","2025","Papua Barat Daya","Kabupaten Raja Ampat","kabupaten raja ampat","29.15","0.07","0.93","0.12","","Tidak Ada","unmatched","","","","","","","69.86","Medium","0.40 food share + 0.25 dry combustible deficit + 0.25 unmanaged waste + 0.10 leaked-to-environment; draft screening index"
"Indonesia","2025","Papua Pegunungan","Kabupaten Jayawijaya","kabupaten jayawijaya","113","0","1","0","","Tidak Ada","unmatched","","","","","","","71.43","High","0.40 food share + 0.25 dry combustible deficit + 0.25 unmanaged waste + 0.10 leaked-to-environment; draft screening index"
"Indonesia","2025","Papua Pegunungan","Kabupaten Pegunungan Bintang","kabupaten pegunungan bintang","33.33","0","1","1","","Tidak Ada","unmatched","","","","","","","100","High","0.40 food share + 0.25 dry combustible deficit + 0.25 unmanaged waste + 0.10 leaked-to-environment; draft screening index"
"Indonesia","2025","Papua Pegunungan","Kabupaten Yahukimo","kabupaten yahukimo","148.96","0","1","1","","Tidak Ada","unmatched","","","","","","","100","High","0.40 food share + 0.25 dry combustible deficit + 0.25 unmanaged waste + 0.10 leaked-to-environment; draft screening index"
"Indonesia","2025","Papua Pegunungan","Kabupaten Tolikara","kabupaten tolikara","98.55","0","1","1","","Tidak Ada","unmatched","","","","","","","100","High","0.40 food share + 0.25 dry combustible deficit + 0.25 unmanaged waste + 0.10 leaked-to-environment; draft screening index"
"Indonesia","2025","Papua Pegunungan","Kabupaten Mamberamo Tengah","kabupaten mamberamo tengah","21.45","0","1","1","","Tidak Ada","unmatched","","","","","","","100","High","0.40 food share + 0.25 dry combustible deficit + 0.25 unmanaged waste + 0.10 leaked-to-environment; draft screening index"
"Indonesia","2025","Papua Pegunungan","Kabupaten Yalimo","kabupaten yalimo","42.75","0","1","1","","Tidak Ada","unmatched","","","","","","","100","High","0.40 food share + 0.25 dry combustible deficit + 0.25 unmanaged waste + 0.10 leaked-to-environment; draft screening index"
"Indonesia","2025","Papua Pegunungan","Kabupaten Lanny Jaya","kabupaten lanny jaya","83.42","0.9","0.1","0.1","","Tidak Ada","unmatched","","","","","","","10","Low","0.40 food share + 0.25 dry combustible deficit + 0.25 unmanaged waste + 0.10 leaked-to-environment; draft screening index"
"Indonesia","2025","Papua Pegunungan","Kabupaten Nduga","kabupaten nduga","45.34","0.9","0.1","0.1","","Tidak Ada","unmatched","","","","","","","10","Low","0.40 food share + 0.25 dry combustible deficit + 0.25 unmanaged waste + 0.10 leaked-to-environment; draft screening index"
"Indonesia","2025","Papua Selatan","Kabupaten Merauke","kabupaten merauke","102.07","0.09","0.91","0.55","","Tidak Ada","unmatched","","","","","","","80.71","High","0.40 food share + 0.25 dry combustible deficit + 0.25 unmanaged waste + 0.10 leaked-to-environment; draft screening index"
"Indonesia","2025","Papua Selatan","Kabupaten Boven Digoel","kabupaten boven digoel","28.8","0","1","0.72","","Tidak Ada","matched","5","2","70","72","79","100","32.2","Low","0.40 food share + 0.25 dry combustible deficit + 0.25 unmanaged waste + 0.10 leaked-to-environment; draft screening index"
"Indonesia","2025","Papua Selatan","Kabupaten Mappi","kabupaten mappi","55.15","0","1","1","","Tidak Ada","unmatched","","","","","","","100","High","0.40 food share + 0.25 dry combustible deficit + 0.25 unmanaged waste + 0.10 leaked-to-environment; draft screening index"
"Indonesia","2025","Papua Selatan","Kabupaten Asmat","kabupaten asmat","58.1","0","1","1","","Tidak Ada","matched","23","15","30","45","65","100","46.6","Medium","0.40 food share + 0.25 dry combustible deficit + 0.25 unmanaged waste + 0.10 leaked-to-environment; draft screening index"
"Indonesia","2025","Papua Tengah","Kabupaten Nabire","kabupaten nabire","71.2","0.02","0.98","0.29","","Tidak Ada","unmatched","","","","","","","78.29","High","0.40 food share + 0.25 dry combustible deficit + 0.25 unmanaged waste + 0.10 leaked-to-environment; draft screening index"
"Indonesia","2025","Papua Tengah","Kabupaten Puncak Jaya","kabupaten puncak jaya","117.56","0","1","1","","Tidak Ada","unmatched","","","","","","","100","High","0.40 food share + 0.25 dry combustible deficit + 0.25 unmanaged waste + 0.10 leaked-to-environment; draft screening index"
"Indonesia","2025","Papua Tengah","Kabupaten Paniai","kabupaten paniai","50.31","0","1","0.77","","Tidak Ada","unmatched","","","","","","","93.43","High","0.40 food share + 0.25 dry combustible deficit + 0.25 unmanaged waste + 0.10 leaked-to-environment; draft screening index"
"Indonesia","2025","Papua Tengah","Kabupaten Mimika","kabupaten mimika","197.16","0.44","0.56","0.13","","Tidak Ada","matched","","","","0","0","0","67.17","Medium","0.40 food share + 0.25 dry combustible deficit + 0.25 unmanaged waste + 0.10 leaked-to-environment; draft screening index"
"Indonesia","2025","Papua Tengah","Kabupaten Puncak","kabupaten puncak","61.3","0","1","1","","Tidak Ada","unmatched","","","","","","","100","High","0.40 food share + 0.25 dry combustible deficit + 0.25 unmanaged waste + 0.10 leaked-to-environment; draft screening index"
"Indonesia","2025","Papua Tengah","Kabupaten Dogiyai","kabupaten dogiyai","62.59","0","1","1","","Tidak Ada","unmatched","","","","","","","100","High","0.40 food share + 0.25 dry combustible deficit + 0.25 unmanaged waste + 0.10 leaked-to-environment; draft screening index"
"Indonesia","2025","Papua Tengah","Kabupaten Intan Jaya","kabupaten intan jaya","71.93","0","1","1","","Tidak Ada","unmatched","","","","","","","100","High","0.40 food share + 0.25 dry combustible deficit + 0.25 unmanaged waste + 0.10 leaked-to-environment; draft screening index"
"Indonesia","2025","Papua Tengah","Kabupaten Deiyai","kabupaten deiyai","53.25","0","1","1","","Tidak Ada","unmatched","","","","","","","100","High","0.40 food share + 0.25 dry combustible deficit + 0.25 unmanaged waste + 0.10 leaked-to-environment; draft screening index"
"Indonesia","2025","Riau","Kabupaten Kuantan Singingi","kabupaten kuantan singingi","146.4","0.25","0.75","0.75","","Tidak Ada","unmatched","","","","","","","75","High","0.40 food share + 0.25 dry combustible deficit + 0.25 unmanaged waste + 0.10 leaked-to-environment; draft screening index"
"Indonesia","2025","Riau","Kabupaten Indragiri Hulu","kabupaten indragiri hulu","194.82","0.25","0.75","0.5","","Tidak Ada","unmatched","","","","","","","67.86","Medium","0.40 food share + 0.25 dry combustible deficit + 0.25 unmanaged waste + 0.10 leaked-to-environment; draft screening index"
"Indonesia","2025","Riau","Kabupaten Indragiri Hilir","kabupaten indragiri hilir","347.79","0.19","0.81","0.63","","Tidak Ada","unmatched","","","","","","","75.86","High","0.40 food share + 0.25 dry combustible deficit + 0.25 unmanaged waste + 0.10 leaked-to-environment; draft screening index"
"Indonesia","2025","Riau","Kabupaten Pelalawan","kabupaten pelalawan","173.8","0.02","0.98","0.68","","Tidak Ada","unmatched","","","","","","","89.43","High","0.40 food share + 0.25 dry combustible deficit + 0.25 unmanaged waste + 0.10 leaked-to-environment; draft screening index"
"Indonesia","2025","Riau","Kabupaten Siak","kabupaten siak","198.3","0.01","0.99","0.41","","Tidak Ada","matched","39","10","26","36","55","100","61.95","Medium","0.40 food share + 0.25 dry combustible deficit + 0.25 unmanaged waste + 0.10 leaked-to-environment; draft screening index"
"Indonesia","2025","Riau","Kabupaten Kampar","kabupaten kampar","539.38","0.09","0.91","0.75","","Tidak Ada","unmatched","","","","","","","86.43","High","0.40 food share + 0.25 dry combustible deficit + 0.25 unmanaged waste + 0.10 leaked-to-environment; draft screening index"
"Indonesia","2025","Riau","Kabupaten Rokan Hulu","kabupaten rokan hulu","282.75","0.07","0.93","0.7","","Tidak Ada","unmatched","","","","","","","86.43","High","0.40 food share + 0.25 dry combustible deficit + 0.25 unmanaged waste + 0.10 leaked-to-environment; draft screening index"
"Indonesia","2025","Riau","Kabupaten Bengkalis","kabupaten bengkalis","272.75","0.18","0.82","0.82","","Tidak Ada","unmatched","","","","","","","82","High","0.40 food share + 0.25 dry combustible deficit + 0.25 unmanaged waste + 0.10 leaked-to-environment; draft screening index"
"Indonesia","2025","Riau","Kabupaten Rokan Hilir","kabupaten rokan hilir","347.48","0.16","0.84","0.84","","Tidak Ada","unmatched","","","","","","","84","High","0.40 food share + 0.25 dry combustible deficit + 0.25 unmanaged waste + 0.10 leaked-to-environment; draft screening index"
"Indonesia","2025","Riau","Kabupaten Kepulauan Meranti","kabupaten kepulauan meranti","85.49","0.02","0.98","0.98","","Tidak Ada","unmatched","","","","","","","98","High","0.40 food share + 0.25 dry combustible deficit + 0.25 unmanaged waste + 0.10 leaked-to-environment; draft screening index"
"Indonesia","2025","Riau","Kota Pekanbaru","kota pekanbaru","1050.84","0.22","0.78","0.02","","Tidak Ada","matched","56.35","2.78","14.19","16.97","32.78","100","82.95","High","0.40 food share + 0.25 dry combustible deficit + 0.25 unmanaged waste + 0.10 leaked-to-environment; draft screening index"
"Indonesia","2025","Riau","Kota Dumai","kota dumai","177.76","0.23","0.77","0.11","","Tidak Ada","matched","48.97","5.3","8.95","14.25","27.97","100","80.15","High","0.40 food share + 0.25 dry combustible deficit + 0.25 unmanaged waste + 0.10 leaked-to-environment; draft screening index"
"Indonesia","2025","Sulawesi Barat","Kabupaten Majene","kabupaten majene","95.81","0.01","0.99","0.71","","Tidak Ada","matched","","","","0","0","0","94.75","High","0.40 food share + 0.25 dry combustible deficit + 0.25 unmanaged waste + 0.10 leaked-to-environment; draft screening index"
"Indonesia","2025","Sulawesi Barat","Kabupaten Polewali Mandar","kabupaten polewali mandar","246.17","0.05","0.95","0.95","","Tidak Ada","unmatched","","","","","","","95","High","0.40 food share + 0.25 dry combustible deficit + 0.25 unmanaged waste + 0.10 leaked-to-environment; draft screening index"
"Indonesia","2025","Sulawesi Barat","Kabupaten Mamasa","kabupaten mamasa","83.5","0","1","1","","Tidak Ada","unmatched","","","","","","","100","High","0.40 food share + 0.25 dry combustible deficit + 0.25 unmanaged waste + 0.10 leaked-to-environment; draft screening index"
"Indonesia","2025","Sulawesi Barat","Kabupaten Mamuju","kabupaten mamuju","148.57","0.05","0.95","0.77","","Tidak Ada","matched","","","","0","0","0","94.08","High","0.40 food share + 0.25 dry combustible deficit + 0.25 unmanaged waste + 0.10 leaked-to-environment; draft screening index"
"Indonesia","2025","Sulawesi Barat","Kabupaten Pasangkayu","kabupaten pasangkayu","81.69","0.21","0.79","0.79","","Tidak Ada","matched","57.2","7.5","16.3","23.8","36.3","100","85.4","High","0.40 food share + 0.25 dry combustible deficit + 0.25 unmanaged waste + 0.10 leaked-to-environment; draft screening index"
"Indonesia","2025","Sulawesi Barat","Kabupaten Mamuju Tengah","kabupaten mamuju tengah","71.64","0.28","0.72","0.45","","Tidak Ada","matched","","","","0","0","0","79.17","High","0.40 food share + 0.25 dry combustible deficit + 0.25 unmanaged waste + 0.10 leaked-to-environment; draft screening index"
"Indonesia","2025","Sulawesi Selatan","Kabupaten Kepulauan Selayar","kabupaten kepulauan selayar","71.55","0.01","0.99","0.81","","Tidak Ada","unmatched","","","","","","","93.86","High","0.40 food share + 0.25 dry combustible deficit + 0.25 unmanaged waste + 0.10 leaked-to-environment; draft screening index"
"Indonesia","2025","Sulawesi Selatan","Kabupaten Bulukumba","kabupaten bulukumba","192.27","0.22","0.78","0.78","Penjajakan","Tidak Ada","matched","28.5","9.25","15.18","24.43","59.23","100","60.95","Medium","0.40 food share + 0.25 dry combustible deficit + 0.25 unmanaged waste + 0.10 leaked-to-environment; draft screening index"
"Indonesia","2025","Sulawesi Selatan","Kabupaten Bantaeng","kabupaten bantaeng","108.63","0.56","0.44","0.44","","Tidak Ada","matched","30.13","10","14","24","56.5","100","50.9","Medium","0.40 food share + 0.25 dry combustible deficit + 0.25 unmanaged waste + 0.10 leaked-to-environment; draft screening index"
"Indonesia","2025","Sulawesi Selatan","Kabupaten Jeneponto","kabupaten jeneponto","211.5","0","1","0.84","","Tidak Ada","unmatched","","","","","","","95.43","High","0.40 food share + 0.25 dry combustible deficit + 0.25 unmanaged waste + 0.10 leaked-to-environment; draft screening index"
"Indonesia","2025","Sulawesi Selatan","Kabupaten Takalar","kabupaten takalar","159.46","0.01","0.99","0.86","Penjajakan","Tidak Ada","unmatched","","","","","","","95.29","High","0.40 food share + 0.25 dry combustible deficit + 0.25 unmanaged waste + 0.10 leaked-to-environment; draft screening index"
"Indonesia","2025","Sulawesi Selatan","Kabupaten Gowa","kabupaten gowa","403.45","0","1","0.38","Telah MoU","Tidak Ada","unmatched","","","","","","","82.29","High","0.40 food share + 0.25 dry combustible deficit + 0.25 unmanaged waste + 0.10 leaked-to-environment; draft screening index"
"Indonesia","2025","Sulawesi Selatan","Kabupaten Sinjai","kabupaten sinjai","138.13","0.09","0.91","0.34","Penjajakan","Tidak Ada","unmatched","","","","","","","74.71","High","0.40 food share + 0.25 dry combustible deficit + 0.25 unmanaged waste + 0.10 leaked-to-environment; draft screening index"
"Indonesia","2025","Sulawesi Selatan","Kabupaten Maros","kabupaten maros","206.8","0.53","0.47","0.47","Telah MoU","Tidak Ada","matched","","","","0","0","0","69.08","Medium","0.40 food share + 0.25 dry combustible deficit + 0.25 unmanaged waste + 0.10 leaked-to-environment; draft screening index"
"Indonesia","2025","Sulawesi Selatan","Kabupaten Pangkajene Kepulauan","kabupaten pangkajene kepulauan","144.72","0.53","0.47","0.47","Penjajakan","Tidak Ada","unmatched","","","","","","","47","Medium","0.40 food share + 0.25 dry combustible deficit + 0.25 unmanaged waste + 0.10 leaked-to-environment; draft screening index"
"Indonesia","2025","Sulawesi Selatan","Kabupaten Barru","kabupaten barru","78.53","0.63","0.37","0.37","","Tidak Ada","unmatched","","","","","","","37","Low","0.40 food share + 0.25 dry combustible deficit + 0.25 unmanaged waste + 0.10 leaked-to-environment; draft screening index"
"Indonesia","2025","Sulawesi Selatan","Kabupaten Bone","kabupaten bone","413.69","0.73","0.27","0.27","Penjajakan","Tidak Ada","matched","39.5","11.7","19.1","30.8","47.7","100","47.6","Medium","0.40 food share + 0.25 dry combustible deficit + 0.25 unmanaged waste + 0.10 leaked-to-environment; draft screening index"
"Indonesia","2025","Sulawesi Selatan","Kabupaten Soppeng","kabupaten soppeng","120.67","0.71","0.29","0.29","","Tidak Ada","unmatched","","","","","","","29","Low","0.40 food share + 0.25 dry combustible deficit + 0.25 unmanaged waste + 0.10 leaked-to-environment; draft screening index"
"Indonesia","2025","Sulawesi Selatan","Kabupaten Wajo","kabupaten wajo","205.36","0.59","0.41","0.41","","Tidak Ada","unmatched","","","","","","","41","Low","0.40 food share + 0.25 dry combustible deficit + 0.25 unmanaged waste + 0.10 leaked-to-environment; draft screening index"
"Indonesia","2025","Sulawesi Selatan","Kabupaten Sidenreng Rappang","kabupaten sidenreng rappang","165.37","0.71","0.29","0.29","Penjajakan","Tidak Ada","unmatched","","","","","","","29","Low","0.40 food share + 0.25 dry combustible deficit + 0.25 unmanaged waste + 0.10 leaked-to-environment; draft screening index"
"Indonesia","2025","Sulawesi Selatan","Kabupaten Pinrang","kabupaten pinrang","239.36","0.67","0.33","0.33","","Tidak Ada","matched","","","","0","0","0","60.92","Medium","0.40 food share + 0.25 dry combustible deficit + 0.25 unmanaged waste + 0.10 leaked-to-environment; draft screening index"
"Indonesia","2025","Sulawesi Selatan","Kabupaten Enrekang","kabupaten enrekang","93.15","0.43","0.57","0.57","","Tidak Ada","unmatched","","","","","","","57","Medium","0.40 food share + 0.25 dry combustible deficit + 0.25 unmanaged waste + 0.10 leaked-to-environment; draft screening index"
"Indonesia","2025","Sulawesi Selatan","Kabupaten Luwu","kabupaten luwu","192.14","0","1","0.5","Penjajakan","Tidak Ada","matched","40","25","15","40","53","100","61.05","Medium","0.40 food share + 0.25 dry combustible deficit + 0.25 unmanaged waste + 0.10 leaked-to-environment; draft screening index"
"Indonesia","2025","Sulawesi Selatan","Kabupaten Tana Toraja","kabupaten tana toraja","129.47","0.66","0.34","0.2","","Tidak Ada","matched","42","11","30","41","49","100","42.15","Low","0.40 food share + 0.25 dry combustible deficit + 0.25 unmanaged waste + 0.10 leaked-to-environment; draft screening index"
"Indonesia","2025","Sulawesi Selatan","Kabupaten Luwu Utara","kabupaten luwu utara","166.56","0.01","0.99","0.83","","Tidak Ada","matched","55","10","10","20","29.5","100","93.8","High","0.40 food share + 0.25 dry combustible deficit + 0.25 unmanaged waste + 0.10 leaked-to-environment; draft screening index"
"Indonesia","2025","Sulawesi Selatan","Kabupaten Luwu Timur","kabupaten luwu timur","161.71","0.79","0.21","0.21","","Tidak Ada","matched","40","25","15","40","53.5","100","38.4","Low","0.40 food share + 0.25 dry combustible deficit + 0.25 unmanaged waste + 0.10 leaked-to-environment; draft screening index"
"Indonesia","2025","Sulawesi Selatan","Kabupaten Toraja Utara","kabupaten toraja utara","133.26","0.35","0.65","0.65","","Tidak Ada","unmatched","","","","","","","65","Medium","0.40 food share + 0.25 dry combustible deficit + 0.25 unmanaged waste + 0.10 leaked-to-environment; draft screening index"
"Indonesia","2025","Sulawesi Selatan","Kota Makassar","kota makassar","1034.48","0.08","0.92","0.15","Telah MoU","Dalam Perencanaan","matched","","","","0","0","0","82.5","High","0.40 food share + 0.25 dry combustible deficit + 0.25 unmanaged waste + 0.10 leaked-to-environment; draft screening index"
"Indonesia","2025","Sulawesi Selatan","Kota Parepare","kota parepare","81.66","0.99","0.01","0.01","","Tidak Ada","unmatched","","","","","","","1","Low","0.40 food share + 0.25 dry combustible deficit + 0.25 unmanaged waste + 0.10 leaked-to-environment; draft screening index"
"Indonesia","2025","Sulawesi Selatan","Kota Palopo","kota palopo","91.45","0.06","0.94","0.2","","Tidak Ada","unmatched","","","","","","","72.86","High","0.40 food share + 0.25 dry combustible deficit + 0.25 unmanaged waste + 0.10 leaked-to-environment; draft screening index"
"Indonesia","2025","Sulawesi Tengah","Kabupaten Banggai Kepulauan","kabupaten banggai kepulauan","60.84","0","1","0.72","","Tidak Ada","matched","15","13","15","28","56","100","50.85","Medium","0.40 food share + 0.25 dry combustible deficit + 0.25 unmanaged waste + 0.10 leaked-to-environment; draft screening index"
"Indonesia","2025","Sulawesi Tengah","Kabupaten Banggai","kabupaten banggai","188.9","0.01","0.99","0.83","","Tidak Ada","unmatched","","","","","","","94.43","High","0.40 food share + 0.25 dry combustible deficit + 0.25 unmanaged waste + 0.10 leaked-to-environment; draft screening index"
"Indonesia","2025","Sulawesi Tengah","Kabupaten Morowali","kabupaten morowali","86.65","0.9","0.1","0.1","","Tidak Ada","matched","17.3","9.5","37.99","47.49","72","100","9.9","Low","0.40 food share + 0.25 dry combustible deficit + 0.25 unmanaged waste + 0.10 leaked-to-environment; draft screening index"
"Indonesia","2025","Sulawesi Tengah","Kabupaten Poso","kabupaten poso","128.2","0.3","0.7","0.61","","Tidak Ada","unmatched","","","","","","","67.43","Medium","0.40 food share + 0.25 dry combustible deficit + 0.25 unmanaged waste + 0.10 leaked-to-environment; draft screening index"
"Indonesia","2025","Sulawesi Tengah","Kabupaten Donggala","kabupaten donggala","156.8","0.25","0.75","0.75","","Tidak Ada","unmatched","","","","","","","75","High","0.40 food share + 0.25 dry combustible deficit + 0.25 unmanaged waste + 0.10 leaked-to-environment; draft screening index"
"Indonesia","2025","Sulawesi Tengah","Kabupaten Toli-toli","kabupaten toli-toli","118","0.02","0.98","0.29","","Tidak Ada","unmatched","","","","","","","78.29","High","0.40 food share + 0.25 dry combustible deficit + 0.25 unmanaged waste + 0.10 leaked-to-environment; draft screening index"
"Indonesia","2025","Sulawesi Tengah","Kabupaten Buol","kabupaten buol","77.1","0.02","0.98","0.84","","Tidak Ada","unmatched","","","","","","","94","High","0.40 food share + 0.25 dry combustible deficit + 0.25 unmanaged waste + 0.10 leaked-to-environment; draft screening index"
"Indonesia","2025","Sulawesi Tengah","Kabupaten Parigi Moutong","kabupaten parigi moutong","232.4","0.13","0.87","0.87","","Tidak Ada","matched","","","","0","0","0","92.42","High","0.40 food share + 0.25 dry combustible deficit + 0.25 unmanaged waste + 0.10 leaked-to-environment; draft screening index"
"Indonesia","2025","Sulawesi Tengah","Kabupaten Tojo Una-una","kabupaten tojo una-una","86.3","0.12","0.88","0.88","","Tidak Ada","unmatched","","","","","","","88","High","0.40 food share + 0.25 dry combustible deficit + 0.25 unmanaged waste + 0.10 leaked-to-environment; draft screening index"
"Indonesia","2025","Sulawesi Tengah","Kabupaten Sigi","kabupaten sigi","138.51","0.31","0.69","0.69","","Tidak Ada","unmatched","","","","","","","69","Medium","0.40 food share + 0.25 dry combustible deficit + 0.25 unmanaged waste + 0.10 leaked-to-environment; draft screening index"
"Indonesia","2025","Sulawesi Tengah","Kabupaten Banggai Laut","kabupaten banggai laut","30.96","0.02","0.98","0.61","","Tidak Ada","unmatched","","","","","","","87.43","High","0.40 food share + 0.25 dry combustible deficit + 0.25 unmanaged waste + 0.10 leaked-to-environment; draft screening index"
"Indonesia","2025","Sulawesi Tengah","Kabupaten Morowali Utara","kabupaten morowali utara","75.32","0","1","0.87","","Tidak Ada","unmatched","","","","","","","96.29","High","0.40 food share + 0.25 dry combustible deficit + 0.25 unmanaged waste + 0.10 leaked-to-environment; draft screening index"
"Indonesia","2025","Sulawesi Tengah","Kota Palu","kota palu","218.43","0.97","0.03","0.03","","Tidak Ada","matched","70.96","9.44","10.43","19.87","22.3","100","62.05","Medium","0.40 food share + 0.25 dry combustible deficit + 0.25 unmanaged waste + 0.10 leaked-to-environment; draft screening index"
"Indonesia","2025","Sulawesi Tenggara","Kabupaten Buton","kabupaten buton","61.01","0","1","0.75","","Tidak Ada","matched","50","5","10","15","37","100","93.1","High","0.40 food share + 0.25 dry combustible deficit + 0.25 unmanaged waste + 0.10 leaked-to-environment; draft screening index"
"Indonesia","2025","Sulawesi Tenggara","Kabupaten Muna","kabupaten muna","113.99","0.04","0.96","0.77","","Tidak Ada","unmatched","","","","","","","90.57","High","0.40 food share + 0.25 dry combustible deficit + 0.25 unmanaged waste + 0.10 leaked-to-environment; draft screening index"
"Indonesia","2025","Sulawesi Tenggara","Kabupaten Konawe","kabupaten konawe","133.15","0.14","0.86","0.73","","Tidak Ada","matched","25","10","30","40","51.2","100","46.25","Medium","0.40 food share + 0.25 dry combustible deficit + 0.25 unmanaged waste + 0.10 leaked-to-environment; draft screening index"
"Indonesia","2025","Sulawesi Tenggara","Kabupaten Kolaka","kabupaten kolaka","126","0.65","0.35","0.35","","Tidak Ada","matched","65","10","10","20","27","100","73","High","0.40 food share + 0.25 dry combustible deficit + 0.25 unmanaged waste + 0.10 leaked-to-environment; draft screening index"
"Indonesia","2025","Sulawesi Tenggara","Kabupaten Konawe Selatan","kabupaten konawe selatan","163.47","0.1","0.9","0.9","","Tidak Ada","unmatched","","","","","","","90","High","0.40 food share + 0.25 dry combustible deficit + 0.25 unmanaged waste + 0.10 leaked-to-environment; draft screening index"
"Indonesia","2025","Sulawesi Tenggara","Kabupaten Bombana","kabupaten bombana","84.03","0.25","0.75","0.75","","Tidak Ada","unmatched","","","","","","","75","High","0.40 food share + 0.25 dry combustible deficit + 0.25 unmanaged waste + 0.10 leaked-to-environment; draft screening index"
"Indonesia","2025","Sulawesi Tenggara","Kabupaten Wakatobi","kabupaten wakatobi","59.4","0.32","0.68","0.29","","Tidak Ada","unmatched","","","","","","","56.86","Medium","0.40 food share + 0.25 dry combustible deficit + 0.25 unmanaged waste + 0.10 leaked-to-environment; draft screening index"
"Indonesia","2025","Sulawesi Tenggara","Kabupaten Kolaka Utara","kabupaten kolaka utara","71.8","0.22","0.78","0.78","","Tidak Ada","unmatched","","","","","","","78","High","0.40 food share + 0.25 dry combustible deficit + 0.25 unmanaged waste + 0.10 leaked-to-environment; draft screening index"
"Indonesia","2025","Sulawesi Tenggara","Kabupaten Buton Utara","kabupaten buton utara","36.88","0","1","0.83","","Tidak Ada","unmatched","","","","","","","95.14","High","0.40 food share + 0.25 dry combustible deficit + 0.25 unmanaged waste + 0.10 leaked-to-environment; draft screening index"
"Indonesia","2025","Sulawesi Tenggara","Kabupaten Konawe Utara","kabupaten konawe utara","38.7","0","1","0.88","","Tidak Ada","matched","41","11","17","28","43","100","75.65","High","0.40 food share + 0.25 dry combustible deficit + 0.25 unmanaged waste + 0.10 leaked-to-environment; draft screening index"
"Indonesia","2025","Sulawesi Tenggara","Kabupaten Kolaka Timur","kabupaten kolaka timur","64.8","0.09","0.91","0.91","","Tidak Ada","matched","","","","0","0","0","94.75","High","0.40 food share + 0.25 dry combustible deficit + 0.25 unmanaged waste + 0.10 leaked-to-environment; draft screening index"
"Indonesia","2025","Sulawesi Tenggara","Kabupaten Konawe Kepulauan","kabupaten konawe kepulauan","21.77","0","1","1","","Tidak Ada","unmatched","","","","","","","100","High","0.40 food share + 0.25 dry combustible deficit + 0.25 unmanaged waste + 0.10 leaked-to-environment; draft screening index"
"Indonesia","2025","Sulawesi Tenggara","Kabupaten Muna Barat","kabupaten muna barat","36.63","0","1","1","","Tidak Ada","unmatched","","","","","","","100","High","0.40 food share + 0.25 dry combustible deficit + 0.25 unmanaged waste + 0.10 leaked-to-environment; draft screening index"
"Indonesia","2025","Sulawesi Tenggara","Kabupaten Buton Tengah","kabupaten buton tengah","60.22","0","1","0.14","","Tidak Ada","unmatched","","","","","","","75.43","High","0.40 food share + 0.25 dry combustible deficit + 0.25 unmanaged waste + 0.10 leaked-to-environment; draft screening index"
"Indonesia","2025","Sulawesi Tenggara","Kabupaten Buton Selatan","kabupaten buton selatan","51.44","0","1","0.53","","Tidak Ada","unmatched","","","","","","","86.57","High","0.40 food share + 0.25 dry combustible deficit + 0.25 unmanaged waste + 0.10 leaked-to-environment; draft screening index"
"Indonesia","2025","Sulawesi Tenggara","Kota Kendari","kota kendari","188.64","0.53","0.47","0.01","","Tidak Ada","matched","52.19","9.36","12.16","21.52","37.16","100","68.95","Medium","0.40 food share + 0.25 dry combustible deficit + 0.25 unmanaged waste + 0.10 leaked-to-environment; draft screening index"
"Indonesia","2025","Sulawesi Tenggara","Kota Baubau","kota baubau","81.9","0.99","0.01","0.01","","Tidak Ada","unmatched","","","","","","","1","Low","0.40 food share + 0.25 dry combustible deficit + 0.25 unmanaged waste + 0.10 leaked-to-environment; draft screening index"
"Indonesia","2025","Sulawesi Utara","Kabupaten Bolaang Mongondow","kabupaten bolaang mongondow","128.69","0.01","0.99","0.98","Penjajakan","Tidak Ada","matched","49","9.45","15.6","25.05","42.27","100","85.85","High","0.40 food share + 0.25 dry combustible deficit + 0.25 unmanaged waste + 0.10 leaked-to-environment; draft screening index"
"Indonesia","2025","Sulawesi Utara","Kabupaten Minahasa","kabupaten minahasa","176.77","0","1","0.41","","Tidak Ada","matched","","","","0","0","0","90.17","High","0.40 food share + 0.25 dry combustible deficit + 0.25 unmanaged waste + 0.10 leaked-to-environment; draft screening index"
"Indonesia","2025","Sulawesi Utara","Kabupaten Kepulauan Sangihe","kabupaten kepulauan sangihe","56.25","0.46","0.54","0.54","","Tidak Ada","matched","43.61","5.76","21.63","27.39","50.13","100","63.65","Medium","0.40 food share + 0.25 dry combustible deficit + 0.25 unmanaged waste + 0.10 leaked-to-environment; draft screening index"
"Indonesia","2025","Sulawesi Utara","Kabupaten Kepulauan Talaud","kabupaten kepulauan talaud","40.3","0","1","0.94","","Tidak Ada","matched","50.2","7","16","23","39.5","100","88.25","High","0.40 food share + 0.25 dry combustible deficit + 0.25 unmanaged waste + 0.10 leaked-to-environment; draft screening index"
"Indonesia","2025","Sulawesi Utara","Kabupaten Minahasa Selatan","kabupaten minahasa selatan","97.72","0.03","0.97","0.66","","Tidak Ada","matched","20","12","36","48","69","100","39.65","Low","0.40 food share + 0.25 dry combustible deficit + 0.25 unmanaged waste + 0.10 leaked-to-environment; draft screening index"
"Indonesia","2025","Sulawesi Utara","Kabupaten Minahasa Utara","kabupaten minahasa utara","120.48","0.01","0.99","0.53","","Tidak Ada","matched","35.9","7.88","18.77","26.65","55.82","100","68.5","Medium","0.40 food share + 0.25 dry combustible deficit + 0.25 unmanaged waste + 0.10 leaked-to-environment; draft screening index"
"Indonesia","2025","Sulawesi Utara","Kabupaten Bolaang Mongondow Utara","kabupaten bolaang mongondow utara","34.44","0","1","0.64","","Tidak Ada","matched","30","10","25","35","61","100","57.25","Medium","0.40 food share + 0.25 dry combustible deficit + 0.25 unmanaged waste + 0.10 leaked-to-environment; draft screening index"
"Indonesia","2025","Sulawesi Utara","Kabupaten Siau Tagulandang Biaro","kabupaten siau tagulandang biaro","28.21","0","1","0.8","","Tidak Ada","unmatched","","","","","","","94.29","High","0.40 food share + 0.25 dry combustible deficit + 0.25 unmanaged waste + 0.10 leaked-to-environment; draft screening index"
"Indonesia","2025","Sulawesi Utara","Kabupaten Minahasa Tenggara","kabupaten minahasa tenggara","47.72","0.59","0.41","0.41","","Tidak Ada","matched","35.01","15.27","3.36","18.63","40.76","100","58.75","Medium","0.40 food share + 0.25 dry combustible deficit + 0.25 unmanaged waste + 0.10 leaked-to-environment; draft screening index"
"Indonesia","2025","Sulawesi Utara","Kabupaten Bolaang Mongondow Selatan","kabupaten bolaang mongondow selatan","30.15","0.1","0.9","0.9","","Tidak Ada","matched","32","13","19","32","56","100","61.85","Medium","0.40 food share + 0.25 dry combustible deficit + 0.25 unmanaged waste + 0.10 leaked-to-environment; draft screening index"
"Indonesia","2025","Sulawesi Utara","Kabupaten Bolaang Mongondow Timur","kabupaten bolaang mongondow timur","128.69","0","1","1","","Tidak Ada","matched","50.16","8.75","13.98","22.73","42.13","100","89.1","High","0.40 food share + 0.25 dry combustible deficit + 0.25 unmanaged waste + 0.10 leaked-to-environment; draft screening index"
"Indonesia","2025","Sulawesi Utara","Kota Manado","kota manado","296.05","0.05","0.95","0.12","PKS - Operasional","Tidak Ada","matched","51","13","16","29","33","100","74.6","High","0.40 food share + 0.25 dry combustible deficit + 0.25 unmanaged waste + 0.10 leaked-to-environment; draft screening index"
"Indonesia","2025","Sulawesi Utara","Kota Bitung","kota bitung","128.83","0.05","0.95","0","","Tidak Ada","matched","50.2","16.03","15.07","31.1","36","100","70.85","High","0.40 food share + 0.25 dry combustible deficit + 0.25 unmanaged waste + 0.10 leaked-to-environment; draft screening index"
"Indonesia","2025","Sulawesi Utara","Kota Tomohon","kota tomohon","52.41","0.84","0.16","0.16","","Tidak Ada","matched","60","6","27","33","36","100","55.6","Medium","0.40 food share + 0.25 dry combustible deficit + 0.25 unmanaged waste + 0.10 leaked-to-environment; draft screening index"
"Indonesia","2025","Sulawesi Utara","Kota Kotamobagu","kota kotamobagu","65.21","0.05","0.95","0.07","","Tidak Ada","matched","53.5","11.8","8.5","20.3","31.5","100","83.75","High","0.40 food share + 0.25 dry combustible deficit + 0.25 unmanaged waste + 0.10 leaked-to-environment; draft screening index"
"Indonesia","2025","Sumatera Barat","Kabupaten Kepulauan Mentawai","kabupaten kepulauan mentawai","39.13","0.05","0.95","0.95","","Tidak Ada","unmatched","","","","","","","95","High","0.40 food share + 0.25 dry combustible deficit + 0.25 unmanaged waste + 0.10 leaked-to-environment; draft screening index"
"Indonesia","2025","Sumatera Barat","Kabupaten Pesisir Selatan","kabupaten pesisir selatan","161.71","0.28","0.72","0.72","Penjajakan","Tidak Ada","matched","20.4","23","19","42","63.6","100","36.9","Low","0.40 food share + 0.25 dry combustible deficit + 0.25 unmanaged waste + 0.10 leaked-to-environment; draft screening index"
"Indonesia","2025","Sumatera Barat","Kabupaten Solok","kabupaten solok","164.17","0.27","0.73","0.73","Penjajakan","Tidak Ada","matched","35.5","13.5","23","36.5","56","100","55.35","Medium","0.40 food share + 0.25 dry combustible deficit + 0.25 unmanaged waste + 0.10 leaked-to-environment; draft screening index"
"Indonesia","2025","Sumatera Barat","Kabupaten Sijunjung","kabupaten sijunjung","101.4","0.48","0.52","0.31","","Tidak Ada","unmatched","","","","","","","46","Medium","0.40 food share + 0.25 dry combustible deficit + 0.25 unmanaged waste + 0.10 leaked-to-environment; draft screening index"
"Indonesia","2025","Sumatera Barat","Kabupaten Tanah Datar","kabupaten tanah datar","131.35","0.59","0.41","0.41","Penjajakan","Tidak Ada","unmatched","","","","","","","41","Low","0.40 food share + 0.25 dry combustible deficit + 0.25 unmanaged waste + 0.10 leaked-to-environment; draft screening index"
"Indonesia","2025","Sumatera Barat","Kabupaten Padang Pariaman","kabupaten padang pariaman","247.95","0.1","0.9","0.79","","Tidak Ada","matched","31.82","12.78","43.77","56.55","59.86","100","49.6","Medium","0.40 food share + 0.25 dry combustible deficit + 0.25 unmanaged waste + 0.10 leaked-to-environment; draft screening index"
"Indonesia","2025","Sumatera Barat","Kabupaten Agam","kabupaten agam","232.44","0.34","0.66","0.66","Telah PKS","Tidak Ada","matched","70.44","6.08","8.15","14.23","18.63","100","88.1","High","0.40 food share + 0.25 dry combustible deficit + 0.25 unmanaged waste + 0.10 leaked-to-environment; draft screening index"
"Indonesia","2025","Sumatera Barat","Kabupaten Lima Puluh Kota","kabupaten lima puluh kota","164.45","0.11","0.89","0.89","","Tidak Ada","unmatched","","","","","","","89","High","0.40 food share + 0.25 dry combustible deficit + 0.25 unmanaged waste + 0.10 leaked-to-environment; draft screening index"
"Indonesia","2025","Sumatera Barat","Kabupaten Pasaman","kabupaten pasaman","127.23","0.22","0.78","0.4","","Tidak Ada","unmatched","","","","","","","67.14","Medium","0.40 food share + 0.25 dry combustible deficit + 0.25 unmanaged waste + 0.10 leaked-to-environment; draft screening index"
"Indonesia","2025","Sumatera Barat","Kabupaten Solok Selatan","kabupaten solok selatan","67.04","0.28","0.72","0.51","Potensi, belum penjajakan","Tidak Ada","matched","34.35","16.35","25.69","42.04","43.96","100","47.2","Medium","0.40 food share + 0.25 dry combustible deficit + 0.25 unmanaged waste + 0.10 leaked-to-environment; draft screening index"
"Indonesia","2025","Sumatera Barat","Kabupaten Dharmasraya","kabupaten dharmasraya","122.02","0.24","0.76","0.63","","Tidak Ada","matched","38","5","45","50","61","100","50.1","Medium","0.40 food share + 0.25 dry combustible deficit + 0.25 unmanaged waste + 0.10 leaked-to-environment; draft screening index"
"Indonesia","2025","Sumatera Barat","Kabupaten Pasaman Barat","kabupaten pasaman barat","184.95","0.05","0.95","0.69","","Tidak Ada","unmatched","","","","","","","87.57","High","0.40 food share + 0.25 dry combustible deficit + 0.25 unmanaged waste + 0.10 leaked-to-environment; draft screening index"
"Indonesia","2025","Sumatera Barat","Kota Padang","kota padang","668.98","0.99","0.01","0.01","Telah MoU","Tidak Ada","matched","63","6","15.2","21.2","31.9","100","60.1","Medium","0.40 food share + 0.25 dry combustible deficit + 0.25 unmanaged waste + 0.10 leaked-to-environment; draft screening index"
"Indonesia","2025","Sumatera Barat","Kota Solok","kota solok","58.73","0.84","0.16","0.16","Potensi, belum penjajakan","Tidak Ada","matched","45.73","16.88","20.72","37.6","49.21","100","43.45","Low","0.40 food share + 0.25 dry combustible deficit + 0.25 unmanaged waste + 0.10 leaked-to-environment; draft screening index"
"Indonesia","2025","Sumatera Barat","Kota Sawah Lunto","kota sawah lunto","19.15","0.93","0.07","0.07","","Tidak Ada","unmatched","","","","","","","7","Low","0.40 food share + 0.25 dry combustible deficit + 0.25 unmanaged waste + 0.10 leaked-to-environment; draft screening index"
"Indonesia","2025","Sumatera Barat","Kota Padang Panjang","kota padang panjang","51.33","0.81","0.19","0.19","","Tidak Ada","matched","","","","0","0","0","52.75","Medium","0.40 food share + 0.25 dry combustible deficit + 0.25 unmanaged waste + 0.10 leaked-to-environment; draft screening index"
"Indonesia","2025","Sumatera Barat","Kota Bukittinggi","kota bukittinggi","136.13","0.14","0.86","0.2","Telah MoU","Tidak Ada","matched","49.71","5.51","21.96","27.47","36.38","100","73.2","High","0.40 food share + 0.25 dry combustible deficit + 0.25 unmanaged waste + 0.10 leaked-to-environment; draft screening index"
"Indonesia","2025","Sumatera Barat","Kota Payakumbuh","kota payakumbuh","98.31","0.21","0.79","0.01","","Tidak Ada","matched","48.25","15.45","17.47","32.92","44.35","100","63.85","Medium","0.40 food share + 0.25 dry combustible deficit + 0.25 unmanaged waste + 0.10 leaked-to-environment; draft screening index"
"Indonesia","2025","Sumatera Barat","Kota Pariaman","kota pariaman","41.11","0.26","0.74","0","Potensi, belum penjajakan","Tidak Ada","matched","","","","0","0","0","72.5","High","0.40 food share + 0.25 dry combustible deficit + 0.25 unmanaged waste + 0.10 leaked-to-environment; draft screening index"
"Indonesia","2025","Sumatera Selatan","Kabupaten Ogan Komering Ulu","kabupaten ogan komering ulu","156.02","0","1","0.63","Penjajakan","Tidak Ada","matched","35","10","15","25","55","100","70.45","High","0.40 food share + 0.25 dry combustible deficit + 0.25 unmanaged waste + 0.10 leaked-to-environment; draft screening index"
"Indonesia","2025","Sumatera Selatan","Kabupaten Ogan Komering Ilir","kabupaten ogan komering ilir","323.85","0.05","0.95","0.87","","Tidak Ada","unmatched","","","","","","","92.71","High","0.40 food share + 0.25 dry combustible deficit + 0.25 unmanaged waste + 0.10 leaked-to-environment; draft screening index"
"Indonesia","2025","Sumatera Selatan","Kabupaten Muara Enim","kabupaten muara enim","237.58","0.52","0.48","0.48","","Tidak Ada","matched","61.02","7.38","17.18","24.56","34.32","100","73.8","High","0.40 food share + 0.25 dry combustible deficit + 0.25 unmanaged waste + 0.10 leaked-to-environment; draft screening index"
"Indonesia","2025","Sumatera Selatan","Kabupaten Lahat","kabupaten lahat","179.98","0.58","0.42","0.42","","Tidak Ada","unmatched","","","","","","","42","Low","0.40 food share + 0.25 dry combustible deficit + 0.25 unmanaged waste + 0.10 leaked-to-environment; draft screening index"
"Indonesia","2025","Sumatera Selatan","Kabupaten Musi Rawas","kabupaten musi rawas","171.87","0.2","0.8","0.59","","Tidak Ada","unmatched","","","","","","","74","High","0.40 food share + 0.25 dry combustible deficit + 0.25 unmanaged waste + 0.10 leaked-to-environment; draft screening index"
"Indonesia","2025","Sumatera Selatan","Kabupaten Musi Banyuasin","kabupaten musi banyuasin","270.32","0.39","0.61","0.61","","Tidak Ada","matched","10","10","10","20","70","100","42.1","Low","0.40 food share + 0.25 dry combustible deficit + 0.25 unmanaged waste + 0.10 leaked-to-environment; draft screening index"
"Indonesia","2025","Sumatera Selatan","Kabupaten Banyuasin","kabupaten banyuasin","532.99","0","1","0.82","","Tidak Ada","unmatched","","","","","","","94.86","High","0.40 food share + 0.25 dry combustible deficit + 0.25 unmanaged waste + 0.10 leaked-to-environment; draft screening index"
"Indonesia","2025","Sumatera Selatan","Kabupaten Ogan Komering Ulu Selatan","kabupaten ogan komering ulu selatan","169.03","0.55","0.45","0.45","","Tidak Ada","matched","48","16","11","27","46","100","64.35","Medium","0.40 food share + 0.25 dry combustible deficit + 0.25 unmanaged waste + 0.10 leaked-to-environment; draft screening index"
"Indonesia","2025","Sumatera Selatan","Kabupaten Ogan Komering Ulu Timur","kabupaten ogan komering ulu timur","277.93","0.49","0.51","0.51","Dalam pembahasan kontrak","Tidak Ada","unmatched","","","","","","","51","Medium","0.40 food share + 0.25 dry combustible deficit + 0.25 unmanaged waste + 0.10 leaked-to-environment; draft screening index"
"Indonesia","2025","Sumatera Selatan","Kabupaten Ogan Ilir","kabupaten ogan ilir","178.41","0","1","1","","Tidak Ada","unmatched","","","","","","","100","High","0.40 food share + 0.25 dry combustible deficit + 0.25 unmanaged waste + 0.10 leaked-to-environment; draft screening index"
"Indonesia","2025","Sumatera Selatan","Kabupaten Empat Lawang","kabupaten empat lawang","134.71","0.01","0.99","0.73","","Tidak Ada","unmatched","","","","","","","91.57","High","0.40 food share + 0.25 dry combustible deficit + 0.25 unmanaged waste + 0.10 leaked-to-environment; draft screening index"
"Indonesia","2025","Sumatera Selatan","Kabupaten Penukal Abab Lematang Ilir","kabupaten penukal abab lematang ilir","83.91","0.04","0.96","0.67","","Tidak Ada","unmatched","","","","","","","87.71","High","0.40 food share + 0.25 dry combustible deficit + 0.25 unmanaged waste + 0.10 leaked-to-environment; draft screening index"
"Indonesia","2025","Sumatera Selatan","Kabupaten Musi Rawas Utara","kabupaten musi rawas utara","81.48","0.02","0.98","0.55","","Tidak Ada","unmatched","","","","","","","85.71","High","0.40 food share + 0.25 dry combustible deficit + 0.25 unmanaged waste + 0.10 leaked-to-environment; draft screening index"
"Indonesia","2025","Sumatera Selatan","Kota Palembang","kota palembang","1260.96","0.21","0.79","0.02","Penjajakan","Dalam Proses Pembangunan","unmatched","","","","","","","57","Medium","0.40 food share + 0.25 dry combustible deficit + 0.25 unmanaged waste + 0.10 leaked-to-environment; draft screening index"
"Indonesia","2025","Sumatera Selatan","Kota Prabumulih","kota prabumulih","101.66","0.22","0.78","0.06","","Tidak Ada","matched","42.88","9.02","39.72","48.74","50.31","100","49.3","Medium","0.40 food share + 0.25 dry combustible deficit + 0.25 unmanaged waste + 0.10 leaked-to-environment; draft screening index"
"Indonesia","2025","Sumatera Selatan","Kota Pagar Alam","kota pagar alam","78.13","0.63","0.37","0.37","","Tidak Ada","matched","34.1","7.2","32.3","39.5","57","100","39.05","Low","0.40 food share + 0.25 dry combustible deficit + 0.25 unmanaged waste + 0.10 leaked-to-environment; draft screening index"
"Indonesia","2025","Sumatera Selatan","Kota Lubuklinggau","kota lubuklinggau","161","0","1","0.13","","Tidak Ada","unmatched","","","","","","","75.14","High","0.40 food share + 0.25 dry combustible deficit + 0.25 unmanaged waste + 0.10 leaked-to-environment; draft screening index"
"Indonesia","2025","Sumatera Utara","Kabupaten Nias","kabupaten nias","59.39","0.01","0.99","0.78","","Tidak Ada","matched","39.69","12.08","17.89","29.97","47.11","100","71.45","High","0.40 food share + 0.25 dry combustible deficit + 0.25 unmanaged waste + 0.10 leaked-to-environment; draft screening index"
"Indonesia","2025","Sumatera Utara","Kabupaten Mandailing Natal","kabupaten mandailing natal","199.49","0","1","0.78","","Tidak Ada","unmatched","","","","","","","93.71","High","0.40 food share + 0.25 dry combustible deficit + 0.25 unmanaged waste + 0.10 leaked-to-environment; draft screening index"
"Indonesia","2025","Sumatera Utara","Kabupaten Tapanuli Selatan","kabupaten tapanuli selatan","161.19","0","1","0.96","","Tidak Ada","unmatched","","","","","","","98.86","High","0.40 food share + 0.25 dry combustible deficit + 0.25 unmanaged waste + 0.10 leaked-to-environment; draft screening index"
"Indonesia","2025","Sumatera Utara","Kabupaten Tapanuli Tengah","kabupaten tapanuli tengah","197.46","0","1","0.85","","Tidak Ada","unmatched","","","","","","","95.71","High","0.40 food share + 0.25 dry combustible deficit + 0.25 unmanaged waste + 0.10 leaked-to-environment; draft screening index"
"Indonesia","2025","Sumatera Utara","Kabupaten Tapanuli Utara","kabupaten tapanuli utara","132.34","0","1","0.41","","Tidak Ada","unmatched","","","","","","","83.14","High","0.40 food share + 0.25 dry combustible deficit + 0.25 unmanaged waste + 0.10 leaked-to-environment; draft screening index"
"Indonesia","2025","Sumatera Utara","Kabupaten Toba Samosir","kabupaten toba samosir","108.36","0","1","1","","Tidak Ada","unmatched","","","","","","","100","High","0.40 food share + 0.25 dry combustible deficit + 0.25 unmanaged waste + 0.10 leaked-to-environment; draft screening index"
"Indonesia","2025","Sumatera Utara","Kabupaten Labuhan Batu","kabupaten labuhan batu","260.27","0.04","0.96","0.19","","Tidak Ada","unmatched","","","","","","","74","High","0.40 food share + 0.25 dry combustible deficit + 0.25 unmanaged waste + 0.10 leaked-to-environment; draft screening index"
"Indonesia","2025","Sumatera Utara","Kabupaten Asahan","kabupaten asahan","406.86","0.06","0.94","0.7","","Tidak Ada","unmatched","","","","","","","87.14","High","0.40 food share + 0.25 dry combustible deficit + 0.25 unmanaged waste + 0.10 leaked-to-environment; draft screening index"
"Indonesia","2025","Sumatera Utara","Kabupaten Simalungun","kabupaten simalungun","517.96","0","1","0.93","","Tidak Ada","matched","5.5","15.44","20.46","35.9","50.03","100","41.8","Low","0.40 food share + 0.25 dry combustible deficit + 0.25 unmanaged waste + 0.10 leaked-to-environment; draft screening index"
"Indonesia","2025","Sumatera Utara","Kabupaten Dairi","kabupaten dairi","165.29","0.02","0.98","0.77","","Tidak Ada","unmatched","","","","","","","92","High","0.40 food share + 0.25 dry combustible deficit + 0.25 unmanaged waste + 0.10 leaked-to-environment; draft screening index"
"Indonesia","2025","Sumatera Utara","Kabupaten Karo","kabupaten karo","277.21","0","1","0.27","","Tidak Ada","unmatched","","","","","","","79.14","High","0.40 food share + 0.25 dry combustible deficit + 0.25 unmanaged waste + 0.10 leaked-to-environment; draft screening index"
"Indonesia","2025","Sumatera Utara","Kabupaten Deli Serdang","kabupaten deli serdang","1024.24","0.23","0.77","0.34","","Dalam Perencanaan","unmatched","","","","","","","64.71","Medium","0.40 food share + 0.25 dry combustible deficit + 0.25 unmanaged waste + 0.10 leaked-to-environment; draft screening index"
"Indonesia","2025","Sumatera Utara","Kabupaten Langkat","kabupaten langkat","762.98","0","1","0.99","","Tidak Ada","unmatched","","","","","","","99.71","High","0.40 food share + 0.25 dry combustible deficit + 0.25 unmanaged waste + 0.10 leaked-to-environment; draft screening index"
"Indonesia","2025","Sumatera Utara","Kabupaten Nias Selatan","kabupaten nias selatan","194.98","0.01","0.99","0.02","","Tidak Ada","unmatched","","","","","","","71.29","High","0.40 food share + 0.25 dry combustible deficit + 0.25 unmanaged waste + 0.10 leaked-to-environment; draft screening index"
"Indonesia","2025","Sumatera Utara","Kabupaten Humbang Hasundutan","kabupaten humbang hasundutan","103.54","0.38","0.62","0.62","","Tidak Ada","matched","19","10","13","23","72.2","100","47.95","Medium","0.40 food share + 0.25 dry combustible deficit + 0.25 unmanaged waste + 0.10 leaked-to-environment; draft screening index"
"Indonesia","2025","Sumatera Utara","Kabupaten Pakpak Bharat","kabupaten pakpak bharat","22.69","0.14","0.86","0.55","","Tidak Ada","matched","39.9","12.1","26","38.1","47.1","100","59.15","Medium","0.40 food share + 0.25 dry combustible deficit + 0.25 unmanaged waste + 0.10 leaked-to-environment; draft screening index"
"Indonesia","2025","Sumatera Utara","Kabupaten Samosir","kabupaten samosir","57.23","0.87","0.13","0.13","","Tidak Ada","unmatched","","","","","","","13","Low","0.40 food share + 0.25 dry combustible deficit + 0.25 unmanaged waste + 0.10 leaked-to-environment; draft screening index"
"Indonesia","2025","Sumatera Utara","Kabupaten Serdang Bedagai","kabupaten serdang bedagai","278.74","0","1","0.35","","Tidak Ada","unmatched","","","","","","","81.43","High","0.40 food share + 0.25 dry combustible deficit + 0.25 unmanaged waste + 0.10 leaked-to-environment; draft screening index"
"Indonesia","2025","Sumatera Utara","Kabupaten Batu Bara","kabupaten batu bara","184.04","0","1","0.53","","Tidak Ada","unmatched","","","","","","","86.57","High","0.40 food share + 0.25 dry combustible deficit + 0.25 unmanaged waste + 0.10 leaked-to-environment; draft screening index"
"Indonesia","2025","Sumatera Utara","Kabupaten Padang Lawas Utara","kabupaten padang lawas utara","84.18","0","1","1","","Tidak Ada","unmatched","","","","","","","100","High","0.40 food share + 0.25 dry combustible deficit + 0.25 unmanaged waste + 0.10 leaked-to-environment; draft screening index"
"Indonesia","2025","Sumatera Utara","Kabupaten Padang Lawas","kabupaten padang lawas","192.69","0","1","1","","Tidak Ada","unmatched","","","","","","","100","High","0.40 food share + 0.25 dry combustible deficit + 0.25 unmanaged waste + 0.10 leaked-to-environment; draft screening index"
"Indonesia","2025","Sumatera Utara","Kabupaten Labuhan Batu Selatan","kabupaten labuhan batu selatan","132.32","0.06","0.94","0.8","","Tidak Ada","unmatched","","","","","","","90","High","0.40 food share + 0.25 dry combustible deficit + 0.25 unmanaged waste + 0.10 leaked-to-environment; draft screening index"
"Indonesia","2025","Sumatera Utara","Kabupaten Labuhan Batu Utara","kabupaten labuhan batu utara","159.72","0.03","0.97","0.77","","Tidak Ada","unmatched","","","","","","","91.29","High","0.40 food share + 0.25 dry combustible deficit + 0.25 unmanaged waste + 0.10 leaked-to-environment; draft screening index"
"Indonesia","2025","Sumatera Utara","Kabupaten Nias Utara","kabupaten nias utara","62.98","0","1","0.92","","Tidak Ada","unmatched","","","","","","","97.71","High","0.40 food share + 0.25 dry combustible deficit + 0.25 unmanaged waste + 0.10 leaked-to-environment; draft screening index"
"Indonesia","2025","Sumatera Utara","Kabupaten Nias Barat","kabupaten nias barat","39.46","0","1","1","","Tidak Ada","unmatched","","","","","","","100","High","0.40 food share + 0.25 dry combustible deficit + 0.25 unmanaged waste + 0.10 leaked-to-environment; draft screening index"
"Indonesia","2025","Sumatera Utara","Kota Sibolga","kota sibolga","41.29","0.01","0.99","0.19","","Tidak Ada","unmatched","","","","","","","76.14","High","0.40 food share + 0.25 dry combustible deficit + 0.25 unmanaged waste + 0.10 leaked-to-environment; draft screening index"
"Indonesia","2025","Sumatera Utara","Kota Tanjung Balai","kota tanjung balai","94.03","0.04","0.96","0.34","","Tidak Ada","matched","64.02","9.5","13.98","23.48","26.6","100","85.4","High","0.40 food share + 0.25 dry combustible deficit + 0.25 unmanaged waste + 0.10 leaked-to-environment; draft screening index"
"Indonesia","2025","Sumatera Utara","Kota Pematang Siantar","kota pematang siantar","160.73","0.07","0.93","0.23","","Tidak Ada","unmatched","","","","","","","73","High","0.40 food share + 0.25 dry combustible deficit + 0.25 unmanaged waste + 0.10 leaked-to-environment; draft screening index"
"Indonesia","2025","Sumatera Utara","Kota Tebing Tinggi","kota tebing tinggi","127.56","0.97","0.03","0.03","","Tidak Ada","unmatched","","","","","","","3","Low","0.40 food share + 0.25 dry combustible deficit + 0.25 unmanaged waste + 0.10 leaked-to-environment; draft screening index"
"Indonesia","2025","Sumatera Utara","Kota Medan","kota medan","1740.4","0.71","0.29","0.29","","Dalam Perencanaan","matched","","","","0","0","0","58.58","Medium","0.40 food share + 0.25 dry combustible deficit + 0.25 unmanaged waste + 0.10 leaked-to-environment; draft screening index"
"Indonesia","2025","Sumatera Utara","Kota Binjai","kota binjai","153.59","0.21","0.79","0.15","","Tidak Ada","unmatched","","","","","","","60.71","Medium","0.40 food share + 0.25 dry combustible deficit + 0.25 unmanaged waste + 0.10 leaked-to-environment; draft screening index"
"Indonesia","2025","Sumatera Utara","Kota Padangsidimpuan","kota padangsidimpuan","165.35","0.16","0.84","0","","Tidak Ada","unmatched","","","","","","","60","Medium","0.40 food share + 0.25 dry combustible deficit + 0.25 unmanaged waste + 0.10 leaked-to-environment; draft screening index"
"Indonesia","2025","Sumatera Utara","Kota Gunungsitoli","kota gunungsitoli","96.75","0","1","0.1","","Tidak Ada","unmatched","","","","","","","74.29","High","0.40 food share + 0.25 dry combustible deficit + 0.25 unmanaged waste + 0.10 leaked-to-environment; draft screening index"
